Record Length,2.500000e+03,,  -0.000000500000,  -1.60000,
Sample Interval,4.000000e-10,,  -0.000000499600,  -1.60000,
Trigger Point,1.250000000000e+03,,  -0.000000499200,  -1.60000,
,,,  -0.000000498800,  -1.60000,
,,,  -0.000000498400,  -1.60000,
,,,  -0.000000498000,  -1.60000,
Source,CH1,,  -0.000000497600,  -1.60000,
Vertical Units,V,,  -0.000000497200,  -1.60000,
Vertical Scale,2.000000e+00,,  -0.000000496800,  -1.60000,
Vertical Offset,5.840000e+00,,  -0.000000496400,  -1.60000,
Horizontal Units,s,,  -0.000000496000,  -1.60000,
Horizontal Scale,1.000000e-07,,  -0.000000495600,  -1.60000,
Pt Fmt,Y,,  -0.000000495200,  -1.68000,
Yzero,0.000000e+00,,  -0.000000494800,  -1.68000,
Probe Atten,1.000000e+01,,  -0.000000494400,  -1.68000,
Model Number,TBS1154,,  -0.000000494000,  -1.68000,
Serial Number,C010344,,  -0.000000493600,  -1.60000,
Firmware Version,FV:v26.05,,  -0.000000493200,  -1.60000,
,,,-00.000000492800,  -1.52000,
,,,-00.000000492400,  -1.60000,
,,,-00.000000492000,  -1.68000,
,,,-00.000000491600,  -1.68000,
,,,-00.000000491200,  -1.76000,
,,,-00.000000490800,  -1.68000,
,,,-00.000000490400,  -1.68000,
,,,-00.000000490000,  -1.68000,
,,,-00.000000489600,  -1.68000,
,,,-00.000000489200,  -1.68000,
,,,-00.000000488800,  -1.68000,
,,,-00.000000488400,  -1.68000,
,,,-00.000000488000,  -1.68000,
,,,-00.000000487600,  -1.60000,
,,,-00.000000487200,  -1.60000,
,,,-00.000000486800,  -1.60000,
,,,-00.000000486400,  -1.68000,
,,,-00.000000486000,  -1.68000,
,,,-00.000000485600,  -1.68000,
,,,-00.000000485200,  -1.68000,
,,,-00.000000484800,  -1.68000,
,,,-00.000000484400,  -1.76000,
,,,-00.000000484000,  -1.76000,
,,,-00.000000483600,  -1.76000,
,,,-00.000000483200,  -1.76000,
,,,-00.000000482800,  -1.76000,
,,,-00.000000482400,  -1.68000,
,,,-00.000000482000,  -1.68000,
,,,-00.000000481600,  -1.68000,
,,,-00.000000481200,  -1.76000,
,,,-00.000000480800,  -1.76000,
,,,-00.000000480400,  -1.76000,
,,,-00.000000480000,  -1.76000,
,,,-00.000000479600,  -1.68000,
,,,-00.000000479200,  -1.76000,
,,,-00.000000478800,  -1.76000,
,,,-00.000000478400,  -1.76000,
,,,-00.000000478000,  -1.84000,
,,,-00.000000477600,  -1.76000,
,,,-00.000000477200,  -1.76000,
,,,-00.000000476800,  -1.76000,
,,,-00.000000476400,  -1.68000,
,,,-00.000000476000,  -1.68000,
,,,-00.000000475600,  -1.68000,
,,,-00.000000475200,  -1.76000,
,,,-00.000000474800,  -1.76000,
,,,-00.000000474400,  -1.76000,
,,,-00.000000474000,  -1.76000,
,,,-00.000000473600,  -1.68000,
,,,-00.000000473200,  -1.68000,
,,,-00.000000472800,  -1.68000,
,,,-00.000000472400,  -1.68000,
,,,-00.000000472000,  -1.68000,
,,,-00.000000471600,  -1.68000,
,,,-00.000000471200,  -1.68000,
,,,-00.000000470800,  -1.68000,
,,,-00.000000470400,  -1.60000,
,,,-00.000000470000,  -1.60000,
,,,-00.000000469600,  -1.60000,
,,,-00.000000469200,  -1.68000,
,,,-00.000000468800,  -1.68000,
,,,-00.000000468400,  -1.76000,
,,,-00.000000468000,  -1.76000,
,,,-00.000000467600,  -1.76000,
,,,-00.000000467200,  -1.76000,
,,,-00.000000466800,  -1.76000,
,,,-00.000000466400,  -1.68000,
,,,-00.000000466000,  -1.68000,
,,,-00.000000465600,  -1.60000,
,,,-00.000000465200,  -1.60000,
,,,-00.000000464800,  -1.60000,
,,,-00.000000464400,  -1.60000,
,,,-00.000000464000,  -1.60000,
,,,-00.000000463600,  -1.60000,
,,,-00.000000463200,  -1.60000,
,,,-00.000000462800,  -1.60000,
,,,-00.000000462400,  -1.60000,
,,,-00.000000462000,  -1.60000,
,,,-00.000000461600,  -1.60000,
,,,-00.000000461200,  -1.60000,
,,,-00.000000460800,  -1.60000,
,,,-00.000000460400,  -1.60000,
,,,-00.000000460000,  -1.60000,
,,,-00.000000459600,  -1.52000,
,,,-00.000000459200,  -1.60000,
,,,-00.000000458800,  -1.60000,
,,,-00.000000458400,  -1.60000,
,,,-00.000000458000,  -1.60000,
,,,-00.000000457600,  -1.60000,
,,,-00.000000457200,  -1.60000,
,,,-00.000000456800,  -1.60000,
,,,-00.000000456400,  -1.60000,
,,,-00.000000456000,  -1.60000,
,,,-00.000000455600,  -1.52000,
,,,-00.000000455200,  -1.60000,
,,,-00.000000454800,  -1.60000,
,,,-00.000000454400,  -1.60000,
,,,-00.000000454000,  -1.60000,
,,,-00.000000453600,  -1.60000,
,,,-00.000000453200,  -1.60000,
,,,-00.000000452800,  -1.60000,
,,,-00.000000452400,  -1.60000,
,,,-00.000000452000,  -1.60000,
,,,-00.000000451600,  -1.60000,
,,,-00.000000451200,  -1.60000,
,,,-00.000000450800,  -1.60000,
,,,-00.000000450400,  -1.60000,
,,,-00.000000450000,  -1.60000,
,,,-00.000000449600,  -1.60000,
,,,-00.000000449200,  -1.60000,
,,,-00.000000448800,  -1.60000,
,,,-00.000000448400,  -1.68000,
,,,-00.000000448000,  -1.68000,
,,,-00.000000447600,  -1.68000,
,,,-00.000000447200,  -1.68000,
,,,-00.000000446800,  -1.68000,
,,,-00.000000446400,  -1.60000,
,,,-00.000000446000,  -1.60000,
,,,-00.000000445600,  -1.60000,
,,,-00.000000445200,  -1.60000,
,,,-00.000000444800,  -1.60000,
,,,-00.000000444400,  -1.52000,
,,,-00.000000444000,  -1.52000,
,,,-00.000000443600,  -1.52000,
,,,-00.000000443200,  -1.60000,
,,,-00.000000442800,  -1.60000,
,,,-00.000000442400,  -1.68000,
,,,-00.000000442000,  -1.68000,
,,,-00.000000441600,  -1.68000,
,,,-00.000000441200,  -1.68000,
,,,-00.000000440800,  -1.68000,
,,,-00.000000440400,  -1.68000,
,,,-00.000000440000,  -1.68000,
,,,-00.000000439600,  -1.68000,
,,,-00.000000439200,  -1.68000,
,,,-00.000000438800,  -1.68000,
,,,-00.000000438400,  -1.68000,
,,,-00.000000438000,  -1.68000,
,,,-00.000000437600,  -1.68000,
,,,-00.000000437200,  -1.68000,
,,,-00.000000436800,  -1.68000,
,,,-00.000000436400,  -1.76000,
,,,-00.000000436000,  -1.76000,
,,,-00.000000435600,  -1.76000,
,,,-00.000000435200,  -1.76000,
,,,-00.000000434800,  -1.76000,
,,,-00.000000434400,  -1.76000,
,,,-00.000000434000,  -1.84000,
,,,-00.000000433600,  -1.76000,
,,,-00.000000433200,  -1.76000,
,,,-00.000000432800,  -1.68000,
,,,-00.000000432400,  -1.60000,
,,,-00.000000432000,  -1.68000,
,,,-00.000000431600,  -1.68000,
,,,-00.000000431200,  -1.76000,
,,,-00.000000430800,  -1.76000,
,,,-00.000000430400,  -1.68000,
,,,-00.000000430000,  -1.60000,
,,,-00.000000429600,  -1.52000,
,,,-00.000000429200,  -1.60000,
,,,-00.000000428800,  -1.60000,
,,,-00.000000428400,  -1.68000,
,,,-00.000000428000,  -1.68000,
,,,-00.000000427600,  -1.68000,
,,,-00.000000427200,  -1.68000,
,,,-00.000000426800,  -1.60000,
,,,-00.000000426400,  -1.52000,
,,,-00.000000426000,  -1.60000,
,,,-00.000000425600,  -1.60000,
,,,-00.000000425200,  -1.68000,
,,,-00.000000424800,  -1.68000,
,,,-00.000000424400,  -1.68000,
,,,-00.000000424000,  -1.68000,
,,,-00.000000423600,  -1.60000,
,,,-00.000000423200,  -1.68000,
,,,-00.000000422800,  -1.76000,
,,,-00.000000422400,  -1.84000,
,,,-00.000000422000,  -1.84000,
,,,-00.000000421600,  -1.76000,
,,,-00.000000421200,  -1.76000,
,,,-00.000000420800,  -1.68000,
,,,-00.000000420400,  -1.60000,
,,,-00.000000420000,  -1.60000,
,,,-00.000000419600,  -1.60000,
,,,-00.000000419200,  -1.68000,
,,,-00.000000418800,  -1.68000,
,,,-00.000000418400,  -1.68000,
,,,-00.000000418000,  -1.68000,
,,,-00.000000417600,  -1.60000,
,,,-00.000000417200,  -1.60000,
,,,-00.000000416800,  -1.60000,
,,,-00.000000416400,  -1.60000,
,,,-00.000000416000,  -1.60000,
,,,-00.000000415600,  -1.52000,
,,,-00.000000415200,  -1.60000,
,,,-00.000000414800,  -1.60000,
,,,-00.000000414400,  -1.60000,
,,,-00.000000414000,  -1.60000,
,,,-00.000000413600,  -1.60000,
,,,-00.000000413200,  -1.60000,
,,,-00.000000412800,  -1.60000,
,,,-00.000000412400,  -1.60000,
,,,-00.000000412000,  -1.60000,
,,,-00.000000411600,  -1.52000,
,,,-00.000000411200,  -1.52000,
,,,-00.000000410800,  -1.52000,
,,,-00.000000410400,  -1.60000,
,,,-00.000000410000,  -1.60000,
,,,-00.000000409600,  -1.60000,
,,,-00.000000409200,  -1.68000,
,,,-00.000000408800,  -1.68000,
,,,-00.000000408400,  -1.68000,
,,,-00.000000408000,  -1.68000,
,,,-00.000000407600,  -1.60000,
,,,-00.000000407200,  -1.60000,
,,,-00.000000406800,  -1.60000,
,,,-00.000000406400,  -1.68000,
,,,-00.000000406000,  -1.68000,
,,,-00.000000405600,  -1.68000,
,,,-00.000000405200,  -1.68000,
,,,-00.000000404800,  -1.68000,
,,,-00.000000404400,  -1.60000,
,,,-00.000000404000,  -1.60000,
,,,-00.000000403600,  -1.60000,
,,,-00.000000403200,  -1.60000,
,,,-00.000000402800,  -1.60000,
,,,-00.000000402400,  -1.60000,
,,,-00.000000402000,  -1.60000,
,,,-00.000000401600,  -1.52000,
,,,-00.000000401200,  -1.60000,
,,,-00.000000400800,  -1.60000,
,,,-00.000000400400,  -1.60000,
,,,-00.000000400000,  -1.60000,
,,,-00.000000399600,  -1.60000,
,,,-00.000000399200,  -1.60000,
,,,-00.000000398800,  -1.60000,
,,,-00.000000398400,  -1.60000,
,,,-00.000000398000,  -1.60000,
,,,-00.000000397600,  -1.60000,
,,,-00.000000397200,  -1.60000,
,,,-00.000000396800,  -1.60000,
,,,-00.000000396400,  -1.68000,
,,,-00.000000396000,  -1.68000,
,,,-00.000000395600,  -1.68000,
,,,-00.000000395200,  -1.68000,
,,,-00.000000394800,  -1.68000,
,,,-00.000000394400,  -1.60000,
,,,-00.000000394000,  -1.60000,
,,,-00.000000393600,  -1.52000,
,,,-00.000000393200,  -1.60000,
,,,-00.000000392800,  -1.60000,
,,,-00.000000392400,  -1.68000,
,,,-00.000000392000,  -1.68000,
,,,-00.000000391600,  -1.68000,
,,,-00.000000391200,  -1.68000,
,,,-00.000000390800,  -1.68000,
,,,-00.000000390400,  -1.60000,
,,,-00.000000390000,  -1.60000,
,,,-00.000000389600,  -1.60000,
,,,-00.000000389200,  -1.60000,
,,,-00.000000388800,  -1.60000,
,,,-00.000000388400,  -1.60000,
,,,-00.000000388000,  -1.60000,
,,,-00.000000387600,  -1.60000,
,,,-00.000000387200,  -1.68000,
,,,-00.000000386800,  -1.68000,
,,,-00.000000386400,  -1.68000,
,,,-00.000000386000,  -1.68000,
,,,-00.000000385600,  -1.68000,
,,,-00.000000385200,  -1.68000,
,,,-00.000000384800,  -1.68000,
,,,-00.000000384400,  -1.68000,
,,,-00.000000384000,  -1.68000,
,,,-00.000000383600,  -1.68000,
,,,-00.000000383200,  -1.68000,
,,,-00.000000382800,  -1.68000,
,,,-00.000000382400,  -1.68000,
,,,-00.000000382000,  -1.68000,
,,,-00.000000381600,  -1.68000,
,,,-00.000000381200,  -1.68000,
,,,-00.000000380800,  -1.68000,
,,,-00.000000380400,  -1.60000,
,,,-00.000000380000,  -1.60000,
,,,-00.000000379600,  -1.60000,
,,,-00.000000379200,  -1.68000,
,,,-00.000000378800,  -1.68000,
,,,-00.000000378400,  -1.68000,
,,,-00.000000378000,  -1.68000,
,,,-00.000000377600,  -1.60000,
,,,-00.000000377200,  -1.68000,
,,,-00.000000376800,  -1.68000,
,,,-00.000000376400,  -1.68000,
,,,-00.000000376000,  -1.76000,
,,,-00.000000375600,  -1.68000,
,,,-00.000000375200,  -1.68000,
,,,-00.000000374800,  -1.68000,
,,,-00.000000374400,  -1.60000,
,,,-00.000000374000,  -1.60000,
,,,-00.000000373600,  -1.60000,
,,,-00.000000373200,  -1.68000,
,,,-00.000000372800,  -1.68000,
,,,-00.000000372400,  -1.68000,
,,,-00.000000372000,  -1.76000,
,,,-00.000000371600,  -1.68000,
,,,-00.000000371200,  -1.68000,
,,,-00.000000370800,  -1.68000,
,,,-00.000000370400,  -1.60000,
,,,-00.000000370000,  -1.60000,
,,,-00.000000369600,  -1.60000,
,,,-00.000000369200,  -1.60000,
,,,-00.000000368800,  -1.60000,
,,,-00.000000368400,  -1.60000,
,,,-00.000000368000,  -1.60000,
,,,-00.000000367600,  -1.60000,
,,,-00.000000367200,  -1.60000,
,,,-00.000000366800,  -1.60000,
,,,-00.000000366400,  -1.60000,
,,,-00.000000366000,  -1.60000,
,,,-00.000000365600,  -1.60000,
,,,-00.000000365200,  -1.68000,
,,,-00.000000364800,  -1.68000,
,,,-00.000000364400,  -1.68000,
,,,-00.000000364000,  -1.68000,
,,,-00.000000363600,  -1.60000,
,,,-00.000000363200,  -1.60000,
,,,-00.000000362800,  -1.60000,
,,,-00.000000362400,  -1.68000,
,,,-00.000000362000,  -1.68000,
,,,-00.000000361600,  -1.68000,
,,,-00.000000361200,  -1.68000,
,,,-00.000000360800,  -1.68000,
,,,-00.000000360400,  -1.60000,
,,,-00.000000360000,  -1.60000,
,,,-00.000000359600,  -1.60000,
,,,-00.000000359200,  -1.60000,
,,,-00.000000358800,  -1.60000,
,,,-00.000000358400,  -1.68000,
,,,-00.000000358000,  -1.68000,
,,,-00.000000357600,  -1.68000,
,,,-00.000000357200,  -1.76000,
,,,-00.000000356800,  -1.68000,
,,,-00.000000356400,  -1.68000,
,,,-00.000000356000,  -1.68000,
,,,-00.000000355600,  -1.60000,
,,,-00.000000355200,  -1.60000,
,,,-00.000000354800,  -1.60000,
,,,-00.000000354400,  -1.68000,
,,,-00.000000354000,  -1.68000,
,,,-00.000000353600,  -1.68000,
,,,-00.000000353200,  -1.76000,
,,,-00.000000352800,  -1.68000,
,,,-00.000000352400,  -1.68000,
,,,-00.000000352000,  -1.68000,
,,,-00.000000351600,  -1.60000,
,,,-00.000000351200,  -1.68000,
,,,-00.000000350800,  -1.68000,
,,,-00.000000350400,  -1.68000,
,,,-00.000000350000,  -1.68000,
,,,-00.000000349600,  -1.60000,
,,,-00.000000349200,  -1.60000,
,,,-00.000000348800,  -1.60000,
,,,-00.000000348400,  -1.60000,
,,,-00.000000348000,  -1.60000,
,,,-00.000000347600,  -1.60000,
,,,-00.000000347200,  -1.60000,
,,,-00.000000346800,  -1.60000,
,,,-00.000000346400,  -1.60000,
,,,-00.000000346000,  -1.60000,
,,,-00.000000345600,  -1.60000,
,,,-00.000000345200,  -1.60000,
,,,-00.000000344800,  -1.60000,
,,,-00.000000344400,  -1.60000,
,,,-00.000000344000,  -1.60000,
,,,-00.000000343600,  -1.60000,
,,,-00.000000343200,  -1.60000,
,,,-00.000000342800,  -1.60000,
,,,-00.000000342400,  -1.60000,
,,,-00.000000342000,  -1.60000,
,,,-00.000000341600,  -1.60000,
,,,-00.000000341200,  -1.68000,
,,,-00.000000340800,  -1.68000,
,,,-00.000000340400,  -1.68000,
,,,-00.000000340000,  -1.68000,
,,,-00.000000339600,  -1.60000,
,,,-00.000000339200,  -1.60000,
,,,-00.000000338800,  -1.60000,
,,,-00.000000338400,  -1.60000,
,,,-00.000000338000,  -1.60000,
,,,-00.000000337600,  -1.60000,
,,,-00.000000337200,  -1.68000,
,,,-00.000000336800,  -1.68000,
,,,-00.000000336400,  -1.76000,
,,,-00.000000336000,  -1.76000,
,,,-00.000000335600,  -1.76000,
,,,-00.000000335200,  -1.76000,
,,,-00.000000334800,  -1.68000,
,,,-00.000000334400,  -1.60000,
,,,-00.000000334000,  -1.60000,
,,,-00.000000333600,  -1.52000,
,,,-00.000000333200,  -1.52000,
,,,-00.000000332800,  -1.52000,
,,,-00.000000332400,  -1.60000,
,,,-00.000000332000,  -1.68000,
,,,-00.000000331600,  -1.68000,
,,,-00.000000331200,  -1.76000,
,,,-00.000000330800,  -1.68000,
,,,-00.000000330400,  -1.68000,
,,,-00.000000330000,  -1.76000,
,,,-00.000000329600,  -1.68000,
,,,-00.000000329200,  -1.68000,
,,,-00.000000328800,  -1.60000,
,,,-00.000000328400,  -1.52000,
,,,-00.000000328000,  -1.44000,
,,,-00.000000327600,  -1.44000,
,,,-00.000000327200,  -1.52000,
,,,-00.000000326800,  -1.60000,
,,,-00.000000326400,  -1.60000,
,,,-00.000000326000,  -1.60000,
,,,-00.000000325600,  -1.60000,
,,,-00.000000325200,  -1.68000,
,,,-00.000000324800,  -1.68000,
,,,-00.000000324400,  -1.68000,
,,,-00.000000324000,  -1.68000,
,,,-00.000000323600,  -1.60000,
,,,-00.000000323200,  -1.68000,
,,,-00.000000322800,  -1.68000,
,,,-00.000000322400,  -1.68000,
,,,-00.000000322000,  -1.76000,
,,,-00.000000321600,  -1.68000,
,,,-00.000000321200,  -1.68000,
,,,-00.000000320800,  -1.68000,
,,,-00.000000320400,  -1.68000,
,,,-00.000000320000,  -1.68000,
,,,-00.000000319600,  -1.68000,
,,,-00.000000319200,  -1.68000,
,,,-00.000000318800,  -1.68000,
,,,-00.000000318400,  -1.68000,
,,,-00.000000318000,  -1.68000,
,,,-00.000000317600,  -1.68000,
,,,-00.000000317200,  -1.68000,
,,,-00.000000316800,  -1.68000,
,,,-00.000000316400,  -1.68000,
,,,-00.000000316000,  -1.68000,
,,,-00.000000315600,  -1.68000,
,,,-00.000000315200,  -1.68000,
,,,-00.000000314800,  -1.68000,
,,,-00.000000314400,  -1.68000,
,,,-00.000000314000,  -1.68000,
,,,-00.000000313600,  -1.68000,
,,,-00.000000313200,  -1.76000,
,,,-00.000000312800,  -1.68000,
,,,-00.000000312400,  -1.68000,
,,,-00.000000312000,  -1.68000,
,,,-00.000000311600,  -1.60000,
,,,-00.000000311200,  -1.68000,
,,,-00.000000310800,  -1.68000,
,,,-00.000000310400,  -1.76000,
,,,-00.000000310000,  -1.76000,
,,,-00.000000309600,  -1.68000,
,,,-00.000000309200,  -1.68000,
,,,-00.000000308800,  -1.60000,
,,,-00.000000308400,  -1.52000,
,,,-00.000000308000,  -1.60000,
,,,-00.000000307600,  -1.60000,
,,,-00.000000307200,  -1.68000,
,,,-00.000000306800,  -1.76000,
,,,-00.000000306400,  -1.84000,
,,,-00.000000306000,  -1.84000,
,,,-00.000000305600,  -1.76000,
,,,-00.000000305200,  -1.76000,
,,,-00.000000304800,  -1.76000,
,,,-00.000000304400,  -1.68000,
,,,-00.000000304000,  -1.68000,
,,,-00.000000303600,  -1.60000,
,,,-00.000000303200,  -1.60000,
,,,-00.000000302800,  -1.60000,
,,,-00.000000302400,  -1.60000,
,,,-00.000000302000,  -1.60000,
,,,-00.000000301600,  -1.60000,
,,,-00.000000301200,  -1.68000,
,,,-00.000000300800,  -1.68000,
,,,-00.000000300400,  -1.68000,
,,,-00.000000300000,  -1.68000,
,,,-00.000000299600,  -1.60000,
,,,-00.000000299200,  -1.68000,
,,,-00.000000298800,  -1.68000,
,,,-00.000000298400,  -1.68000,
,,,-00.000000298000,  -1.68000,
,,,-00.000000297600,  -1.68000,
,,,-00.000000297200,  -1.68000,
,,,-00.000000296800,  -1.68000,
,,,-00.000000296400,  -1.68000,
,,,-00.000000296000,  -1.68000,
,,,-00.000000295600,  -1.60000,
,,,-00.000000295200,  -1.60000,
,,,-00.000000294800,  -1.52000,
,,,-00.000000294400,  -1.52000,
,,,-00.000000294000,  -1.60000,
,,,-00.000000293600,  -1.60000,
,,,-00.000000293200,  -1.68000,
,,,-00.000000292800,  -1.68000,
,,,-00.000000292400,  -1.68000,
,,,-00.000000292000,  -1.60000,
,,,-00.000000291600,  -1.52000,
,,,-00.000000291200,  -1.52000,
,,,-00.000000290800,  -1.52000,
,,,-00.000000290400,  -1.60000,
,,,-00.000000290000,  -1.60000,
,,,-00.000000289600,  -1.60000,
,,,-00.000000289200,  -1.60000,
,,,-00.000000288800,  -1.60000,
,,,-00.000000288400,  -1.60000,
,,,-00.000000288000,  -1.60000,
,,,-00.000000287600,  -1.60000,
,,,-00.000000287200,  -1.68000,
,,,-00.000000286800,  -1.68000,
,,,-00.000000286400,  -1.68000,
,,,-00.000000286000,  -1.76000,
,,,-00.000000285600,  -1.68000,
,,,-00.000000285200,  -1.68000,
,,,-00.000000284800,  -1.68000,
,,,-00.000000284400,  -1.60000,
,,,-00.000000284000,  -1.60000,
,,,-00.000000283600,  -1.52000,
,,,-00.000000283200,  -1.60000,
,,,-00.000000282800,  -1.60000,
,,,-00.000000282400,  -1.60000,
,,,-00.000000282000,  -1.60000,
,,,-00.000000281600,  -1.60000,
,,,-00.000000281200,  -1.60000,
,,,-00.000000280800,  -1.60000,
,,,-00.000000280400,  -1.60000,
,,,-00.000000280000,  -1.60000,
,,,-00.000000279600,  -1.60000,
,,,-00.000000279200,  -1.60000,
,,,-00.000000278800,  -1.60000,
,,,-00.000000278400,  -1.60000,
,,,-00.000000278000,  -1.60000,
,,,-00.000000277600,  -1.60000,
,,,-00.000000277200,  -1.68000,
,,,-00.000000276800,  -1.76000,
,,,-00.000000276400,  -1.76000,
,,,-00.000000276000,  -1.76000,
,,,-00.000000275600,  -1.68000,
,,,-00.000000275200,  -1.68000,
,,,-00.000000274800,  -1.68000,
,,,-00.000000274400,  -1.60000,
,,,-00.000000274000,  -1.60000,
,,,-00.000000273600,  -1.60000,
,,,-00.000000273200,  -1.60000,
,,,-00.000000272800,  -1.60000,
,,,-00.000000272400,  -1.60000,
,,,-00.000000272000,  -1.60000,
,,,-00.000000271600,  -1.60000,
,,,-00.000000271200,  -1.60000,
,,,-00.000000270800,  -1.60000,
,,,-00.000000270400,  -1.68000,
,,,-00.000000270000,  -1.68000,
,,,-00.000000269600,  -1.68000,
,,,-00.000000269200,  -1.68000,
,,,-00.000000268800,  -1.68000,
,,,-00.000000268400,  -1.68000,
,,,-00.000000268000,  -1.68000,
,,,-00.000000267600,  -1.68000,
,,,-00.000000267200,  -1.68000,
,,,-00.000000266800,  -1.68000,
,,,-00.000000266400,  -1.68000,
,,,-00.000000266000,  -1.68000,
,,,-00.000000265600,  -1.68000,
,,,-00.000000265200,  -1.68000,
,,,-00.000000264800,  -1.68000,
,,,-00.000000264400,  -1.68000,
,,,-00.000000264000,  -1.68000,
,,,-00.000000263600,  -1.60000,
,,,-00.000000263200,  -1.60000,
,,,-00.000000262800,  -1.60000,
,,,-00.000000262400,  -1.60000,
,,,-00.000000262000,  -1.60000,
,,,-00.000000261600,  -1.60000,
,,,-00.000000261200,  -1.68000,
,,,-00.000000260800,  -1.68000,
,,,-00.000000260400,  -1.68000,
,,,-00.000000260000,  -1.76000,
,,,-00.000000259600,  -1.68000,
,,,-00.000000259200,  -1.68000,
,,,-00.000000258800,  -1.68000,
,,,-00.000000258400,  -1.60000,
,,,-00.000000258000,  -1.60000,
,,,-00.000000257600,  -1.60000,
,,,-00.000000257200,  -1.68000,
,,,-00.000000256800,  -1.68000,
,,,-00.000000256400,  -1.68000,
,,,-00.000000256000,  -1.76000,
,,,-00.000000255600,  -1.68000,
,,,-00.000000255200,  -1.68000,
,,,-00.000000254800,  -1.68000,
,,,-00.000000254400,  -1.68000,
,,,-00.000000254000,  -1.68000,
,,,-00.000000253600,  -1.68000,
,,,-00.000000253200,  -1.68000,
,,,-00.000000252800,  -1.68000,
,,,-00.000000252400,  -1.60000,
,,,-00.000000252000,  -1.60000,
,,,-00.000000251600,  -1.60000,
,,,-00.000000251200,  -1.60000,
,,,-00.000000250800,  -1.60000,
,,,-00.000000250400,  -1.60000,
,,,-00.000000250000,  -1.60000,
,,,-00.000000249600,  -1.60000,
,,,-00.000000249200,  -1.60000,
,,,-00.000000248800,  -1.60000,
,,,-00.000000248400,  -1.60000,
,,,-00.000000248000,  -1.60000,
,,,-00.000000247600,  -1.60000,
,,,-00.000000247200,  -1.60000,
,,,-00.000000246800,  -1.60000,
,,,-00.000000246400,  -1.60000,
,,,-00.000000246000,  -1.60000,
,,,-00.000000245600,  -1.52000,
,,,-00.000000245200,  -1.52000,
,,,-00.000000244800,  -1.52000,
,,,-00.000000244400,  -1.52000,
,,,-00.000000244000,  -1.52000,
,,,-00.000000243600,  -1.52000,
,,,-00.000000243200,  -1.60000,
,,,-00.000000242800,  -1.60000,
,,,-00.000000242400,  -1.68000,
,,,-00.000000242000,  -1.68000,
,,,-00.000000241600,  -1.68000,
,,,-00.000000241200,  -1.68000,
,,,-00.000000240800,  -1.68000,
,,,-00.000000240400,  -1.60000,
,,,-00.000000240000,  -1.60000,
,,,-00.000000239600,  -1.60000,
,,,-00.000000239200,  -1.68000,
,,,-00.000000238800,  -1.68000,
,,,-00.000000238400,  -1.68000,
,,,-00.000000238000,  -1.76000,
,,,-00.000000237600,  -1.68000,
,,,-00.000000237200,  -1.68000,
,,,-00.000000236800,  -1.68000,
,,,-00.000000236400,  -1.60000,
,,,-00.000000236000,  -1.60000,
,,,-00.000000235600,  -1.60000,
,,,-00.000000235200,  -1.60000,
,,,-00.000000234800,  -1.60000,
,,,-00.000000234400,  -1.60000,
,,,-00.000000234000,  -1.60000,
,,,-00.000000233600,  -1.60000,
,,,-00.000000233200,  -1.60000,
,,,-00.000000232800,  -1.60000,
,,,-00.000000232400,  -1.52000,
,,,-00.000000232000,  -1.52000,
,,,-00.000000231600,  -1.52000,
,,,-00.000000231200,  -1.60000,
,,,-00.000000230800,  -1.60000,
,,,-00.000000230400,  -1.60000,
,,,-00.000000230000,  -1.60000,
,,,-00.000000229600,  -1.52000,
,,,-00.000000229200,  -1.52000,
,,,-00.000000228800,  -1.52000,
,,,-00.000000228400,  -1.60000,
,,,-00.000000228000,  -1.60000,
,,,-00.000000227600,  -1.60000,
,,,-00.000000227200,  -1.60000,
,,,-00.000000226800,  -1.60000,
,,,-00.000000226400,  -1.52000,
,,,-00.000000226000,  -1.52000,
,,,-00.000000225600,  -1.52000,
,,,-00.000000225200,  -1.60000,
,,,-00.000000224800,  -1.68000,
,,,-00.000000224400,  -1.76000,
,,,-00.000000224000,  -1.76000,
,,,-00.000000223600,  -1.68000,
,,,-00.000000223200,  -1.68000,
,,,-00.000000222800,  -1.68000,
,,,-00.000000222400,  -1.68000,
,,,-00.000000222000,  -1.68000,
,,,-00.000000221600,  -1.68000,
,,,-00.000000221200,  -1.76000,
,,,-00.000000220800,  -1.68000,
,,,-00.000000220400,  -1.68000,
,,,-00.000000220000,  -1.68000,
,,,-00.000000219600,  -1.60000,
,,,-00.000000219200,  -1.68000,
,,,-00.000000218800,  -1.68000,
,,,-00.000000218400,  -1.68000,
,,,-00.000000218000,  -1.68000,
,,,-00.000000217600,  -1.60000,
,,,-00.000000217200,  -1.60000,
,,,-00.000000216800,  -1.60000,
,,,-00.000000216400,  -1.60000,
,,,-00.000000216000,  -1.60000,
,,,-00.000000215600,  -1.60000,
,,,-00.000000215200,  -1.68000,
,,,-00.000000214800,  -1.68000,
,,,-00.000000214400,  -1.76000,
,,,-00.000000214000,  -1.76000,
,,,-00.000000213600,  -1.68000,
,,,-00.000000213200,  -1.68000,
,,,-00.000000212800,  -1.60000,
,,,-00.000000212400,  -1.52000,
,,,-00.000000212000,  -1.60000,
,,,-00.000000211600,  -1.60000,
,,,-00.000000211200,  -1.68000,
,,,-00.000000210800,  -1.68000,
,,,-00.000000210400,  -1.68000,
,,,-00.000000210000,  -1.68000,
,,,-00.000000209600,  -1.60000,
,,,-00.000000209200,  -1.60000,
,,,-00.000000208800,  -1.60000,
,,,-00.000000208400,  -1.68000,
,,,-00.000000208000,  -1.68000,
,,,-00.000000207600,  -1.68000,
,,,-00.000000207200,  -1.68000,
,,,-00.000000206800,  -1.68000,
,,,-00.000000206400,  -1.60000,
,,,-00.000000206000,  -1.60000,
,,,-00.000000205600,  -1.52000,
,,,-00.000000205200,  -1.52000,
,,,-00.000000204800,  -1.52000,
,,,-00.000000204400,  -1.52000,
,,,-00.000000204000,  -1.52000,
,,,-00.000000203600,  -1.52000,
,,,-00.000000203200,  -1.60000,
,,,-00.000000202800,  -1.68000,
,,,-00.000000202400,  -1.76000,
,,,-00.000000202000,  -1.76000,
,,,-00.000000201600,  -1.68000,
,,,-00.000000201200,  -1.68000,
,,,-00.000000200800,  -1.68000,
,,,-00.000000200400,  -1.60000,
,,,-00.000000200000,  -1.60000,
,,,-00.000000199600,  -1.60000,
,,,-00.000000199200,  -1.60000,
,,,-00.000000198800,  -1.60000,
,,,-00.000000198400,  -1.60000,
,,,-00.000000198000,  -1.60000,
,,,-00.000000197600,  -1.60000,
,,,-00.000000197200,  -1.60000,
,,,-00.000000196800,  -1.60000,
,,,-00.000000196400,  -1.60000,
,,,-00.000000196000,  -1.60000,
,,,-00.000000195600,  -1.60000,
,,,-00.000000195200,  -1.60000,
,,,-00.000000194800,  -1.60000,
,,,-00.000000194400,  -1.68000,
,,,-00.000000194000,  -1.68000,
,,,-00.000000193600,  -1.68000,
,,,-00.000000193200,  -1.68000,
,,,-00.000000192800,  -1.68000,
,,,-00.000000192400,  -1.60000,
,,,-00.000000192000,  -1.60000,
,,,-00.000000191600,  -1.52000,
,,,-00.000000191200,  -1.60000,
,,,-00.000000190800,  -1.60000,
,,,-00.000000190400,  -1.68000,
,,,-00.000000190000,  -1.68000,
,,,-00.000000189600,  -1.68000,
,,,-00.000000189200,  -1.68000,
,,,-00.000000188800,  -1.68000,
,,,-00.000000188400,  -1.68000,
,,,-00.000000188000,  -1.68000,
,,,-00.000000187600,  -1.68000,
,,,-00.000000187200,  -1.76000,
,,,-00.000000186800,  -1.68000,
,,,-00.000000186400,  -1.68000,
,,,-00.000000186000,  -1.68000,
,,,-00.000000185600,  -1.60000,
,,,-00.000000185200,  -1.60000,
,,,-00.000000184800,  -1.60000,
,,,-00.000000184400,  -1.60000,
,,,-00.000000184000,  -1.60000,
,,,-00.000000183600,  -1.60000,
,,,-00.000000183200,  -1.60000,
,,,-00.000000182800,  -1.60000,
,,,-00.000000182400,  -1.68000,
,,,-00.000000182000,  -1.68000,
,,,-00.000000181600,  -1.68000,
,,,-00.000000181200,  -1.76000,
,,,-00.000000180800,  -1.68000,
,,,-00.000000180400,  -1.68000,
,,,-00.000000180000,  -1.68000,
,,,-00.000000179600,  -1.60000,
,,,-00.000000179200,  -1.60000,
,,,-00.000000178800,  -1.60000,
,,,-00.000000178400,  -1.60000,
,,,-00.000000178000,  -1.60000,
,,,-00.000000177600,  -1.60000,
,,,-00.000000177200,  -1.60000,
,,,-00.000000176800,  -1.60000,
,,,-00.000000176400,  -1.60000,
,,,-00.000000176000,  -1.60000,
,,,-00.000000175600,  -1.60000,
,,,-00.000000175200,  -1.60000,
,,,-00.000000174800,  -1.52000,
,,,-00.000000174400,  -1.60000,
,,,-00.000000174000,  -1.68000,
,,,-00.000000173600,  -1.68000,
,,,-00.000000173200,  -1.76000,
,,,-00.000000172800,  -1.68000,
,,,-00.000000172400,  -1.68000,
,,,-00.000000172000,  -1.68000,
,,,-00.000000171600,  -1.68000,
,,,-00.000000171200,  -1.68000,
,,,-00.000000170800,  -1.68000,
,,,-00.000000170400,  -1.60000,
,,,-00.000000170000,  -1.60000,
,,,-00.000000169600,  -1.60000,
,,,-00.000000169200,  -1.60000,
,,,-00.000000168800,  -1.60000,
,,,-00.000000168400,  -1.68000,
,,,-00.000000168000,  -1.68000,
,,,-00.000000167600,  -1.68000,
,,,-00.000000167200,  -1.68000,
,,,-00.000000166800,  -1.68000,
,,,-00.000000166400,  -1.68000,
,,,-00.000000166000,  -1.68000,
,,,-00.000000165600,  -1.68000,
,,,-00.000000165200,  -1.68000,
,,,-00.000000164800,  -1.68000,
,,,-00.000000164400,  -1.60000,
,,,-00.000000164000,  -1.60000,
,,,-00.000000163600,  -1.60000,
,,,-00.000000163200,  -1.60000,
,,,-00.000000162800,  -1.60000,
,,,-00.000000162400,  -1.60000,
,,,-00.000000162000,  -1.60000,
,,,-00.000000161600,  -1.60000,
,,,-00.000000161200,  -1.68000,
,,,-00.000000160800,  -1.68000,
,,,-00.000000160400,  -1.68000,
,,,-00.000000160000,  -1.68000,
,,,-00.000000159600,  -1.60000,
,,,-00.000000159200,  -1.68000,
,,,-00.000000158800,  -1.68000,
,,,-00.000000158400,  -1.68000,
,,,-00.000000158000,  -1.76000,
,,,-00.000000157600,  -1.68000,
,,,-00.000000157200,  -1.68000,
,,,-00.000000156800,  -1.68000,
,,,-00.000000156400,  -1.60000,
,,,-00.000000156000,  -1.60000,
,,,-00.000000155600,  -1.60000,
,,,-00.000000155200,  -1.68000,
,,,-00.000000154800,  -1.68000,
,,,-00.000000154400,  -1.68000,
,,,-00.000000154000,  -1.68000,
,,,-00.000000153600,  -1.60000,
,,,-00.000000153200,  -1.60000,
,,,-00.000000152800,  -1.60000,
,,,-00.000000152400,  -1.60000,
,,,-00.000000152000,  -1.60000,
,,,-00.000000151600,  -1.60000,
,,,-00.000000151200,  -1.68000,
,,,-00.000000150800,  -1.68000,
,,,-00.000000150400,  -1.68000,
,,,-00.000000150000,  -1.68000,
,,,-00.000000149600,  -1.60000,
,,,-00.000000149200,  -1.60000,
,,,-00.000000148800,  -1.60000,
,,,-00.000000148400,  -1.60000,
,,,-00.000000148000,  -1.60000,
,,,-00.000000147600,  -1.52000,
,,,-00.000000147200,  -1.52000,
,,,-00.000000146800,  -1.52000,
,,,-00.000000146400,  -1.52000,
,,,-00.000000146000,  -1.52000,
,,,-00.000000145600,  -1.52000,
,,,-00.000000145200,  -1.60000,
,,,-00.000000144800,  -1.60000,
,,,-00.000000144400,  -1.60000,
,,,-00.000000144000,  -1.60000,
,,,-00.000000143600,  -1.60000,
,,,-00.000000143200,  -1.68000,
,,,-00.000000142800,  -1.68000,
,,,-00.000000142400,  -1.68000,
,,,-00.000000142000,  -1.68000,
,,,-00.000000141600,  -1.60000,
,,,-00.000000141200,  -1.60000,
,,,-00.000000140800,  -1.52000,
,,,-00.000000140400,  -1.60000,
,,,-00.000000140000,  -1.60000,
,,,-00.000000139600,  -1.60000,
,,,-00.000000139200,  -1.60000,
,,,-00.000000138800,  -1.60000,
,,,-00.000000138400,  -1.68000,
,,,-00.000000138000,  -1.68000,
,,,-00.000000137600,  -1.68000,
,,,-00.000000137200,  -1.76000,
,,,-00.000000136800,  -1.68000,
,,,-00.000000136400,  -1.68000,
,,,-00.000000136000,  -1.68000,
,,,-00.000000135600,  -1.60000,
,,,-00.000000135200,  -1.68000,
,,,-00.000000134800,  -1.68000,
,,,-00.000000134400,  -1.68000,
,,,-00.000000134000,  -1.76000,
,,,-00.000000133600,  -1.68000,
,,,-00.000000133200,  -1.68000,
,,,-00.000000132800,  -1.68000,
,,,-00.000000132400,  -1.60000,
,,,-00.000000132000,  -1.60000,
,,,-00.000000131600,  -1.60000,
,,,-00.000000131200,  -1.60000,
,,,-00.000000130800,  -1.60000,
,,,-00.000000130400,  -1.52000,
,,,-00.000000130000,  -1.52000,
,,,-00.000000129600,  -1.44000,
,,,-00.000000129200,  -1.52000,
,,,-00.000000128800,  -1.60000,
,,,-00.000000128400,  -1.60000,
,,,-00.000000128000,  -1.60000,
,,,-00.000000127600,  -1.52000,
,,,-00.000000127200,  -1.60000,
,,,-00.000000126800,  -1.60000,
,,,-00.000000126400,  -1.68000,
,,,-00.000000126000,  -1.68000,
,,,-00.000000125600,  -1.68000,
,,,-00.000000125200,  -1.76000,
,,,-00.000000124800,  -1.76000,
,,,-00.000000124400,  -1.68000,
,,,-00.000000124000,  -1.60000,
,,,-00.000000123600,  -1.52000,
,,,-00.000000123200,  -1.60000,
,,,-00.000000122800,  -1.60000,
,,,-00.000000122400,  -1.68000,
,,,-00.000000122000,  -1.68000,
,,,-00.000000121600,  -1.68000,
,,,-00.000000121200,  -1.68000,
,,,-00.000000120800,  -1.68000,
,,,-00.000000120400,  -1.68000,
,,,-00.000000120000,  -1.68000,
,,,-00.000000119600,  -1.68000,
,,,-00.000000119200,  -1.68000,
,,,-00.000000118800,  -1.68000,
,,,-00.000000118400,  -1.60000,
,,,-00.000000118000,  -1.60000,
,,,-00.000000117600,  -1.60000,
,,,-00.000000117200,  -1.60000,
,,,-00.000000116800,  -1.60000,
,,,-00.000000116400,  -1.68000,
,,,-00.000000116000,  -1.68000,
,,,-00.000000115600,  -1.68000,
,,,-00.000000115200,  -1.76000,
,,,-00.000000114800,  -1.68000,
,,,-00.000000114400,  -1.68000,
,,,-00.000000114000,  -1.68000,
,,,-00.000000113600,  -1.60000,
,,,-00.000000113200,  -1.60000,
,,,-00.000000112800,  -1.60000,
,,,-00.000000112400,  -1.68000,
,,,-00.000000112000,  -1.68000,
,,,-00.000000111600,  -1.68000,
,,,-00.000000111200,  -1.68000,
,,,-00.000000110800,  -1.68000,
,,,-00.000000110400,  -1.60000,
,,,-00.000000110000,  -1.60000,
,,,-00.000000109600,  -1.60000,
,,,-00.000000109200,  -1.68000,
,,,-00.000000108800,  -1.68000,
,,,-00.000000108400,  -1.68000,
,,,-00.000000108000,  -1.68000,
,,,-00.000000107600,  -1.60000,
,,,-00.000000107200,  -1.60000,
,,,-00.000000106800,  -1.60000,
,,,-00.000000106400,  -1.68000,
,,,-00.000000106000,  -1.68000,
,,,-00.000000105600,  -1.68000,
,,,-00.000000105200,  -1.68000,
,,,-00.000000104800,  -1.68000,
,,,-00.000000104400,  -1.68000,
,,,-00.000000104000,  -1.68000,
,,,-00.000000103600,  -1.68000,
,,,-00.000000103200,  -1.76000,
,,,-00.000000102800,  -1.68000,
,,,-00.000000102400,  -1.68000,
,,,-00.000000102000,  -1.68000,
,,,-00.000000101600,  -1.60000,
,,,-00.000000101200,  -1.60000,
,,,-00.000000100800,  -1.60000,
,,,-00.000000100400,  -1.60000,
,,,-00.000000100000,  -1.60000,
,,,-00.000000099600,  -1.60000,
,,,-00.000000099200,  -1.60000,
,,,-00.000000098800,  -1.60000,
,,,-00.000000098400,  -1.60000,
,,,-00.000000098000,  -1.60000,
,,,-00.000000097600,  -1.52000,
,,,-00.000000097200,  -1.52000,
,,,-00.000000096800,  -1.52000,
,,,-00.000000096400,  -1.60000,
,,,-00.000000096000,  -1.60000,
,,,-00.000000095600,  -1.60000,
,,,-00.000000095200,  -1.68000,
,,,-00.000000094800,  -1.68000,
,,,-00.000000094400,  -1.68000,
,,,-00.000000094000,  -1.68000,
,,,-00.000000093600,  -1.60000,
,,,-00.000000093200,  -1.60000,
,,,-00.000000092800,  -1.60000,
,,,-00.000000092400,  -1.60000,
,,,-00.000000092000,  -1.60000,
,,,-00.000000091600,  -1.60000,
,,,-00.000000091200,  -1.60000,
,,,-00.000000090800,  -1.60000,
,,,-00.000000090400,  -1.60000,
,,,-00.000000090000,  -1.60000,
,,,-00.000000089600,  -1.60000,
,,,-00.000000089200,  -1.68000,
,,,-00.000000088800,  -1.68000,
,,,-00.000000088400,  -1.68000,
,,,-00.000000088000,  -1.76000,
,,,-00.000000087600,  -1.68000,
,,,-00.000000087200,  -1.68000,
,,,-00.000000086800,  -1.68000,
,,,-00.000000086400,  -1.60000,
,,,-00.000000086000,  -1.60000,
,,,-00.000000085600,  -1.60000,
,,,-00.000000085200,  -1.68000,
,,,-00.000000084800,  -1.68000,
,,,-00.000000084400,  -1.68000,
,,,-00.000000084000,  -1.68000,
,,,-00.000000083600,  -1.68000,
,,,-00.000000083200,  -1.68000,
,,,-00.000000082800,  -1.68000,
,,,-00.000000082400,  -1.76000,
,,,-00.000000082000,  -1.76000,
,,,-00.000000081600,  -1.76000,
,,,-00.000000081200,  -1.76000,
,,,-00.000000080800,  -1.76000,
,,,-00.000000080400,  -1.68000,
,,,-00.000000080000,  -1.68000,
,,,-00.000000079600,  -1.60000,
,,,-00.000000079200,  -1.68000,
,,,-00.000000078800,  -1.68000,
,,,-00.000000078400,  -1.68000,
,,,-00.000000078000,  -1.68000,
,,,-00.000000077600,  -1.60000,
,,,-00.000000077200,  -1.60000,
,,,-00.000000076800,  -1.60000,
,,,-00.000000076400,  -1.52000,
,,,-00.000000076000,  -1.52000,
,,,-00.000000075600,  -1.52000,
,,,-00.000000075200,  -1.60000,
,,,-00.000000074800,  -1.68000,
,,,-00.000000074400,  -1.68000,
,,,-00.000000074000,  -1.68000,
,,,-00.000000073600,  -1.68000,
,,,-00.000000073200,  -1.76000,
,,,-00.000000072800,  -1.76000,
,,,-00.000000072400,  -1.76000,
,,,-00.000000072000,  -1.76000,
,,,-00.000000071600,  -1.68000,
,,,-00.000000071200,  -1.60000,
,,,-00.000000070800,  -1.60000,
,,,-00.000000070400,  -1.52000,
,,,-00.000000070000,  -1.60000,
,,,-00.000000069600,  -1.60000,
,,,-00.000000069200,  -1.60000,
,,,-00.000000068800,  -1.60000,
,,,-00.000000068400,  -1.60000,
,,,-00.000000068000,  -1.60000,
,,,-00.000000067600,  -1.60000,
,,,-00.000000067200,  -1.60000,
,,,-00.000000066800,  -1.60000,
,,,-00.000000066400,  -1.68000,
,,,-00.000000066000,  -1.68000,
,,,-00.000000065600,  -1.68000,
,,,-00.000000065200,  -1.76000,
,,,-00.000000064800,  -1.68000,
,,,-00.000000064400,  -1.68000,
,,,-00.000000064000,  -1.68000,
,,,-00.000000063600,  -1.60000,
,,,-00.000000063200,  -1.60000,
,,,-00.000000062800,  -1.60000,
,,,-00.000000062400,  -1.60000,
,,,-00.000000062000,  -1.60000,
,,,-00.000000061600,  -1.52000,
,,,-00.000000061200,  -1.52000,
,,,-00.000000060800,  -1.52000,
,,,-00.000000060400,  -1.60000,
,,,-00.000000060000,  -1.68000,
,,,-00.000000059600,  -1.68000,
,,,-00.000000059200,  -1.76000,
,,,-00.000000058800,  -1.76000,
,,,-00.000000058400,  -1.76000,
,,,-00.000000058000,  -1.76000,
,,,-00.000000057600,  -1.68000,
,,,-00.000000057200,  -1.76000,
,,,-00.000000056800,  -1.76000,
,,,-00.000000056400,  -1.76000,
,,,-00.000000056000,  -1.76000,
,,,-00.000000055600,  -1.68000,
,,,-00.000000055200,  -1.68000,
,,,-00.000000054800,  -1.68000,
,,,-00.000000054400,  -1.60000,
,,,-00.000000054000,  -1.60000,
,,,-00.000000053600,  -1.52000,
,,,-00.000000053200,  -1.60000,
,,,-00.000000052800,  -1.60000,
,,,-00.000000052400,  -1.60000,
,,,-00.000000052000,  -1.60000,
,,,-00.000000051600,  -1.60000,
,,,-00.000000051200,  -1.60000,
,,,-00.000000050800,  -1.60000,
,,,-00.000000050400,  -1.60000,
,,,-00.000000050000,  -1.60000,
,,,-00.000000049600,  -1.52000,
,,,-00.000000049200,  -1.52000,
,,,-00.000000048800,  -1.52000,
,,,-00.000000048400,  -1.52000,
,,,-00.000000048000,  -1.52000,
,,,-00.000000047600,  -1.52000,
,,,-00.000000047200,  -1.60000,
,,,-00.000000046800,  -1.60000,
,,,-00.000000046400,  -1.68000,
,,,-00.000000046000,  -1.68000,
,,,-00.000000045600,  -1.68000,
,,,-00.000000045200,  -1.68000,
,,,-00.000000044800,  -1.68000,
,,,-00.000000044400,  -1.68000,
,,,-00.000000044000,  -1.68000,
,,,-00.000000043600,  -1.68000,
,,,-00.000000043200,  -1.68000,
,,,-00.000000042800,  -1.68000,
,,,-00.000000042400,  -1.68000,
,,,-00.000000042000,  -1.68000,
,,,-00.000000041600,  -1.68000,
,,,-00.000000041200,  -1.68000,
,,,-00.000000040800,  -1.68000,
,,,-00.000000040400,  -1.60000,
,,,-00.000000040000,  -1.60000,
,,,-00.000000039600,  -1.60000,
,,,-00.000000039200,  -1.60000,
,,,-00.000000038800,  -1.60000,
,,,-00.000000038400,  -1.60000,
,,,-00.000000038000,  -1.60000,
,,,-00.000000037600,  -1.60000,
,,,-00.000000037200,  -1.60000,
,,,-00.000000036800,  -1.60000,
,,,-00.000000036400,  -1.68000,
,,,-00.000000036000,  -1.68000,
,,,-00.000000035600,  -1.68000,
,,,-00.000000035200,  -1.76000,
,,,-00.000000034800,  -1.68000,
,,,-00.000000034400,  -1.68000,
,,,-00.000000034000,  -1.68000,
,,,-00.000000033600,  -1.60000,
,,,-00.000000033200,  -1.60000,
,,,-00.000000032800,  -1.60000,
,,,-00.000000032400,  -1.60000,
,,,-00.000000032000,  -1.60000,
,,,-00.000000031600,  -1.52000,
,,,-00.000000031200,  -1.52000,
,,,-00.000000030800,  -1.52000,
,,,-00.000000030400,  -1.60000,
,,,-00.000000030000,  -1.60000,
,,,-00.000000029600,  -1.60000,
,,,-00.000000029200,  -1.60000,
,,,-00.000000028800,  -1.60000,
,,,-00.000000028400,  -1.52000,
,,,-00.000000028000,  -1.52000,
,,,-00.000000027600,  -1.52000,
,,,-00.000000027200,  -1.60000,
,,,-00.000000026800,  -1.60000,
,,,-00.000000026400,  -1.60000,
,,,-00.000000026000,  -1.60000,
,,,-00.000000025600,  -1.52000,
,,,-00.000000025200,  -1.52000,
,,,-00.000000024800,  -1.52000,
,,,-00.000000024400,  -1.60000,
,,,-00.000000024000,  -1.60000,
,,,-00.000000023600,  -1.60000,
,,,-00.000000023200,  -1.60000,
,,,-00.000000022800,  -1.60000,
,,,-00.000000022400,  -1.60000,
,,,-00.000000022000,  -1.60000,
,,,-00.000000021600,  -1.60000,
,,,-00.000000021200,  -1.60000,
,,,-00.000000020800,  -1.60000,
,,,-00.000000020400,  -1.60000,
,,,-00.000000020000,  -1.60000,
,,,-00.000000019600,  -1.60000,
,,,-00.000000019200,  -1.60000,
,,,-00.000000018800,  -1.60000,
,,,-00.000000018400,  -1.60000,
,,,-00.000000018000,  -1.60000,
,,,-00.000000017600,  -1.60000,
,,,-00.000000017200,  -1.60000,
,,,-00.000000016800,  -1.60000,
,,,-00.000000016400,  -1.60000,
,,,-00.000000016000,  -1.60000,
,,,-00.000000015600,  -1.60000,
,,,-00.000000015200,  -1.60000,
,,,-00.000000014800,  -1.60000,
,,,-00.000000014400,  -1.52000,
,,,-00.000000014000,  -1.52000,
,,,-00.000000013600,  -1.52000,
,,,-00.000000013200,  -1.60000,
,,,-00.000000012800,  -1.60000,
,,,-00.000000012400,  -1.60000,
,,,-00.000000012000,  -1.68000,
,,,-00.000000011600,  -1.60000,
,,,-00.000000011200,  -1.60000,
,,,-00.000000010800,  -1.60000,
,,,-00.000000010400,  -1.52000,
,,,-00.000000010000,  -1.60000,
,,,-00.000000009600,  -1.60000,
,,,-00.000000009200,  -1.68000,
,,,-00.000000008800,  -1.68000,
,,,-00.000000008400,  -1.68000,
,,,-00.000000008000,  -1.68000,
,,,-00.000000007600,  -1.60000,
,,,-00.000000007200,  -1.60000,
,,,-00.000000006800,  -1.60000,
,,,-00.000000006400,  -1.60000,
,,,-00.000000006000,  -1.60000,
,,,-00.000000005600,  -1.60000,
,,,-00.000000005200,  -1.68000,
,,,-00.000000004800,  -1.60000,
,,,-00.000000004400,  -1.60000,
,,,-00.000000004000,  -1.60000,
,,,-00.000000003600,  -1.44000,
,,,-00.000000003200,  -1.36000,
,,,-00.000000002800,  -1.12000,
,,,-00.000000002400,  -0.88000,
,,,-00.000000002000,  -0.48000,
,,,-00.000000001600,  -0.16000,
,,,-00.000000001200,   0.08000,
,,,-00.000000000800,   0.32000,
,,,-00.000000000400,   0.56000,
,,,-00.000000000000,   0.72000,
,,,00.000000000400,   0.88000,
,,,00.000000000800,   0.96000,
,,,00.000000001200,   1.04000,
,,,00.000000001600,   1.12000,
,,,00.000000002000,   1.28000,
,,,00.000000002400,   1.44000,
,,,00.000000002800,   1.52000,
,,,00.000000003200,   1.52000,
,,,00.000000003600,   1.60000,
,,,00.000000004000,   1.60000,
,,,00.000000004400,   1.68000,
,,,00.000000004800,   1.68000,
,,,00.000000005200,   1.68000,
,,,00.000000005600,   1.76000,
,,,00.000000006000,   1.84000,
,,,00.000000006400,   2.00000,
,,,00.000000006800,   2.00000,
,,,00.000000007200,   2.08000,
,,,00.000000007600,   2.00000,
,,,00.000000008000,   1.92000,
,,,00.000000008400,   1.92000,
,,,00.000000008800,   1.92000,
,,,00.000000009200,   1.92000,
,,,00.000000009600,   2.00000,
,,,00.000000010000,   2.00000,
,,,00.000000010400,   2.00000,
,,,00.000000010800,   1.92000,
,,,00.000000011200,   1.84000,
,,,00.000000011600,   1.76000,
,,,00.000000012000,   1.60000,
,,,00.000000012400,   1.52000,
,,,00.000000012800,   1.44000,
,,,00.000000013200,   1.36000,
,,,00.000000013600,   1.28000,
,,,00.000000014000,   1.20000,
,,,00.000000014400,   1.20000,
,,,00.000000014800,   1.12000,
,,,00.000000015200,   1.12000,
,,,00.000000015600,   1.20000,
,,,00.000000016000,   1.28000,
,,,00.000000016400,   1.36000,
,,,00.000000016800,   1.36000,
,,,00.000000017200,   1.36000,
,,,00.000000017600,   1.36000,
,,,00.000000018000,   1.36000,
,,,00.000000018400,   1.44000,
,,,00.000000018800,   1.44000,
,,,00.000000019200,   1.52000,
,,,00.000000019600,   1.44000,
,,,00.000000020000,   1.44000,
,,,00.000000020400,   1.44000,
,,,00.000000020800,   1.44000,
,,,00.000000021200,   1.52000,
,,,00.000000021600,   1.60000,
,,,00.000000022000,   1.60000,
,,,00.000000022400,   1.68000,
,,,00.000000022800,   1.68000,
,,,00.000000023200,   1.76000,
,,,00.000000023600,   1.68000,
,,,00.000000024000,   1.68000,
,,,00.000000024400,   1.68000,
,,,00.000000024800,   1.68000,
,,,00.000000025200,   1.68000,
,,,00.000000025600,   1.60000,
,,,00.000000026000,   1.60000,
,,,00.000000026400,   1.60000,
,,,00.000000026800,   1.60000,
,,,00.000000027200,   1.60000,
,,,00.000000027600,   1.52000,
,,,00.000000028000,   1.52000,
,,,00.000000028400,   1.52000,
,,,00.000000028800,   1.44000,
,,,00.000000029200,   1.44000,
,,,00.000000029600,   1.44000,
,,,00.000000030000,   1.44000,
,,,00.000000030400,   1.52000,
,,,00.000000030800,   1.44000,
,,,00.000000031200,   1.44000,
,,,00.000000031600,   1.44000,
,,,00.000000032000,   1.44000,
,,,00.000000032400,   1.52000,
,,,00.000000032800,   1.52000,
,,,00.000000033200,   1.52000,
,,,00.000000033600,   1.52000,
,,,00.000000034000,   1.52000,
,,,00.000000034400,   1.52000,
,,,00.000000034800,   1.52000,
,,,00.000000035200,   1.52000,
,,,00.000000035600,   1.52000,
,,,00.000000036000,   1.52000,
,,,00.000000036400,   1.52000,
,,,00.000000036800,   1.52000,
,,,00.000000037200,   1.52000,
,,,00.000000037600,   1.52000,
,,,00.000000038000,   1.52000,
,,,00.000000038400,   1.60000,
,,,00.000000038800,   1.60000,
,,,00.000000039200,   1.60000,
,,,00.000000039600,   1.52000,
,,,00.000000040000,   1.52000,
,,,00.000000040400,   1.52000,
,,,00.000000040800,   1.52000,
,,,00.000000041200,   1.52000,
,,,00.000000041600,   1.44000,
,,,00.000000042000,   1.44000,
,,,00.000000042400,   1.44000,
,,,00.000000042800,   1.44000,
,,,00.000000043200,   1.44000,
,,,00.000000043600,   1.44000,
,,,00.000000044000,   1.44000,
,,,00.000000044400,   1.44000,
,,,00.000000044800,   1.44000,
,,,00.000000045200,   1.44000,
,,,00.000000045600,   1.44000,
,,,00.000000046000,   1.44000,
,,,00.000000046400,   1.44000,
,,,00.000000046800,   1.44000,
,,,00.000000047200,   1.44000,
,,,00.000000047600,   1.44000,
,,,00.000000048000,   1.44000,
,,,00.000000048400,   1.52000,
,,,00.000000048800,   1.52000,
,,,00.000000049200,   1.52000,
,,,00.000000049600,   1.52000,
,,,00.000000050000,   1.44000,
,,,00.000000050400,   1.52000,
,,,00.000000050800,   1.52000,
,,,00.000000051200,   1.60000,
,,,00.000000051600,   1.68000,
,,,00.000000052000,   1.60000,
,,,00.000000052400,   1.60000,
,,,00.000000052800,   1.52000,
,,,00.000000053200,   1.52000,
,,,00.000000053600,   1.52000,
,,,00.000000054000,   1.52000,
,,,00.000000054400,   1.52000,
,,,00.000000054800,   1.52000,
,,,00.000000055200,   1.52000,
,,,00.000000055600,   1.52000,
,,,00.000000056000,   1.52000,
,,,00.000000056400,   1.52000,
,,,00.000000056800,   1.52000,
,,,00.000000057200,   1.52000,
,,,00.000000057600,   1.52000,
,,,00.000000058000,   1.52000,
,,,00.000000058400,   1.52000,
,,,00.000000058800,   1.52000,
,,,00.000000059200,   1.52000,
,,,00.000000059600,   1.52000,
,,,00.000000060000,   1.52000,
,,,00.000000060400,   1.52000,
,,,00.000000060800,   1.52000,
,,,00.000000061200,   1.52000,
,,,00.000000061600,   1.52000,
,,,00.000000062000,   1.52000,
,,,00.000000062400,   1.60000,
,,,00.000000062800,   1.60000,
,,,00.000000063200,   1.60000,
,,,00.000000063600,   1.52000,
,,,00.000000064000,   1.52000,
,,,00.000000064400,   1.52000,
,,,00.000000064800,   1.52000,
,,,00.000000065200,   1.52000,
,,,00.000000065600,   1.52000,
,,,00.000000066000,   1.52000,
,,,00.000000066400,   1.52000,
,,,00.000000066800,   1.52000,
,,,00.000000067200,   1.52000,
,,,00.000000067600,   1.60000,
,,,00.000000068000,   1.60000,
,,,00.000000068400,   1.60000,
,,,00.000000068800,   1.52000,
,,,00.000000069200,   1.52000,
,,,00.000000069600,   1.52000,
,,,00.000000070000,   1.52000,
,,,00.000000070400,   1.52000,
,,,00.000000070800,   1.44000,
,,,00.000000071200,   1.44000,
,,,00.000000071600,   1.44000,
,,,00.000000072000,   1.44000,
,,,00.000000072400,   1.44000,
,,,00.000000072800,   1.44000,
,,,00.000000073200,   1.44000,
,,,00.000000073600,   1.44000,
,,,00.000000074000,   1.44000,
,,,00.000000074400,   1.52000,
,,,00.000000074800,   1.52000,
,,,00.000000075200,   1.52000,
,,,00.000000075600,   1.52000,
,,,00.000000076000,   1.52000,
,,,00.000000076400,   1.52000,
,,,00.000000076800,   1.52000,
,,,00.000000077200,   1.52000,
,,,00.000000077600,   1.52000,
,,,00.000000078000,   1.52000,
,,,00.000000078400,   1.52000,
,,,00.000000078800,   1.52000,
,,,00.000000079200,   1.52000,
,,,00.000000079600,   1.44000,
,,,00.000000080000,   1.44000,
,,,00.000000080400,   1.44000,
,,,00.000000080800,   1.36000,
,,,00.000000081200,   1.44000,
,,,00.000000081600,   1.44000,
,,,00.000000082000,   1.44000,
,,,00.000000082400,   1.52000,
,,,00.000000082800,   1.44000,
,,,00.000000083200,   1.44000,
,,,00.000000083600,   1.44000,
,,,00.000000084000,   1.44000,
,,,00.000000084400,   1.52000,
,,,00.000000084800,   1.52000,
,,,00.000000085200,   1.52000,
,,,00.000000085600,   1.52000,
,,,00.000000086000,   1.52000,
,,,00.000000086400,   1.52000,
,,,00.000000086800,   1.44000,
,,,00.000000087200,   1.44000,
,,,00.000000087600,   1.44000,
,,,00.000000088000,   1.44000,
,,,00.000000088400,   1.52000,
,,,00.000000088800,   1.52000,
,,,00.000000089200,   1.52000,
,,,00.000000089600,   1.44000,
,,,00.000000090000,   1.44000,
,,,00.000000090400,   1.44000,
,,,00.000000090800,   1.44000,
,,,00.000000091200,   1.44000,
,,,00.000000091600,   1.44000,
,,,00.000000092000,   1.44000,
,,,00.000000092400,   1.44000,
,,,00.000000092800,   1.36000,
,,,00.000000093200,   1.44000,
,,,00.000000093600,   1.44000,
,,,00.000000094000,   1.44000,
,,,00.000000094400,   1.52000,
,,,00.000000094800,   1.52000,
,,,00.000000095200,   1.52000,
,,,00.000000095600,   1.52000,
,,,00.000000096000,   1.52000,
,,,00.000000096400,   1.52000,
,,,00.000000096800,   1.52000,
,,,00.000000097200,   1.52000,
,,,00.000000097600,   1.52000,
,,,00.000000098000,   1.52000,
,,,00.000000098400,   1.52000,
,,,00.000000098800,   1.44000,
,,,00.000000099200,   1.44000,
,,,00.000000099600,   1.52000,
,,,00.000000100000,   1.60000,
,,,00.000000100400,   1.68000,
,,,00.000000100800,   1.68000,
,,,00.000000101200,   1.76000,
,,,00.000000101600,   1.76000,
,,,00.000000102000,   1.68000,
,,,00.000000102400,   1.68000,
,,,00.000000102800,   1.60000,
,,,00.000000103200,   1.52000,
,,,00.000000103600,   1.44000,
,,,00.000000104000,   1.44000,
,,,00.000000104400,   1.44000,
,,,00.000000104800,   1.44000,
,,,00.000000105200,   1.44000,
,,,00.000000105600,   1.36000,
,,,00.000000106000,   1.36000,
,,,00.000000106400,   1.36000,
,,,00.000000106800,   1.28000,
,,,00.000000107200,   1.36000,
,,,00.000000107600,   1.36000,
,,,00.000000108000,   1.36000,
,,,00.000000108400,   1.44000,
,,,00.000000108800,   1.44000,
,,,00.000000109200,   1.44000,
,,,00.000000109600,   1.52000,
,,,00.000000110000,   1.52000,
,,,00.000000110400,   1.52000,
,,,00.000000110800,   1.52000,
,,,00.000000111200,   1.52000,
,,,00.000000111600,   1.60000,
,,,00.000000112000,   1.52000,
,,,00.000000112400,   1.52000,
,,,00.000000112800,   1.44000,
,,,00.000000113200,   1.44000,
,,,00.000000113600,   1.44000,
,,,00.000000114000,   1.52000,
,,,00.000000114400,   1.60000,
,,,00.000000114800,   1.60000,
,,,00.000000115200,   1.60000,
,,,00.000000115600,   1.52000,
,,,00.000000116000,   1.52000,
,,,00.000000116400,   1.52000,
,,,00.000000116800,   1.52000,
,,,00.000000117200,   1.52000,
,,,00.000000117600,   1.52000,
,,,00.000000118000,   1.52000,
,,,00.000000118400,   1.52000,
,,,00.000000118800,   1.44000,
,,,00.000000119200,   1.36000,
,,,00.000000119600,   1.36000,
,,,00.000000120000,   1.36000,
,,,00.000000120400,   1.36000,
,,,00.000000120800,   1.36000,
,,,00.000000121200,   1.36000,
,,,00.000000121600,   1.36000,
,,,00.000000122000,   1.36000,
,,,00.000000122400,   1.44000,
,,,00.000000122800,   1.44000,
,,,00.000000123200,   1.44000,
,,,00.000000123600,   1.44000,
,,,00.000000124000,   1.44000,
,,,00.000000124400,   1.44000,
,,,00.000000124800,   1.44000,
,,,00.000000125200,   1.44000,
,,,00.000000125600,   1.52000,
,,,00.000000126000,   1.52000,
,,,00.000000126400,   1.52000,
,,,00.000000126800,   1.44000,
,,,00.000000127200,   1.44000,
,,,00.000000127600,   1.44000,
,,,00.000000128000,   1.44000,
,,,00.000000128400,   1.52000,
,,,00.000000128800,   1.44000,
,,,00.000000129200,   1.44000,
,,,00.000000129600,   1.44000,
,,,00.000000130000,   1.44000,
,,,00.000000130400,   1.52000,
,,,00.000000130800,   1.44000,
,,,00.000000131200,   1.44000,
,,,00.000000131600,   1.44000,
,,,00.000000132000,   1.44000,
,,,00.000000132400,   1.52000,
,,,00.000000132800,   1.52000,
,,,00.000000133200,   1.52000,
,,,00.000000133600,   1.52000,
,,,00.000000134000,   1.52000,
,,,00.000000134400,   1.60000,
,,,00.000000134800,   1.52000,
,,,00.000000135200,   1.52000,
,,,00.000000135600,   1.52000,
,,,00.000000136000,   1.52000,
,,,00.000000136400,   1.52000,
,,,00.000000136800,   1.52000,
,,,00.000000137200,   1.52000,
,,,00.000000137600,   1.52000,
,,,00.000000138000,   1.52000,
,,,00.000000138400,   1.60000,
,,,00.000000138800,   1.52000,
,,,00.000000139200,   1.52000,
,,,00.000000139600,   1.44000,
,,,00.000000140000,   1.44000,
,,,00.000000140400,   1.44000,
,,,00.000000140800,   1.44000,
,,,00.000000141200,   1.44000,
,,,00.000000141600,   1.52000,
,,,00.000000142000,   1.52000,
,,,00.000000142400,   1.52000,
,,,00.000000142800,   1.44000,
,,,00.000000143200,   1.44000,
,,,00.000000143600,   1.44000,
,,,00.000000144000,   1.36000,
,,,00.000000144400,   1.44000,
,,,00.000000144800,   1.44000,
,,,00.000000145200,   1.44000,
,,,00.000000145600,   1.52000,
,,,00.000000146000,   1.52000,
,,,00.000000146400,   1.60000,
,,,00.000000146800,   1.52000,
,,,00.000000147200,   1.52000,
,,,00.000000147600,   1.52000,
,,,00.000000148000,   1.44000,
,,,00.000000148400,   1.52000,
,,,00.000000148800,   1.52000,
,,,00.000000149200,   1.52000,
,,,00.000000149600,   1.60000,
,,,00.000000150000,   1.60000,
,,,00.000000150400,   1.60000,
,,,00.000000150800,   1.52000,
,,,00.000000151200,   1.52000,
,,,00.000000151600,   1.52000,
,,,00.000000152000,   1.52000,
,,,00.000000152400,   1.52000,
,,,00.000000152800,   1.44000,
,,,00.000000153200,   1.44000,
,,,00.000000153600,   1.36000,
,,,00.000000154000,   1.36000,
,,,00.000000154400,   1.36000,
,,,00.000000154800,   1.36000,
,,,00.000000155200,   1.36000,
,,,00.000000155600,   1.44000,
,,,00.000000156000,   1.44000,
,,,00.000000156400,   1.52000,
,,,00.000000156800,   1.52000,
,,,00.000000157200,   1.52000,
,,,00.000000157600,   1.60000,
,,,00.000000158000,   1.60000,
,,,00.000000158400,   1.60000,
,,,00.000000158800,   1.52000,
,,,00.000000159200,   1.52000,
,,,00.000000159600,   1.44000,
,,,00.000000160000,   1.44000,
,,,00.000000160400,   1.44000,
,,,00.000000160800,   1.44000,
,,,00.000000161200,   1.44000,
,,,00.000000161600,   1.52000,
,,,00.000000162000,   1.52000,
,,,00.000000162400,   1.52000,
,,,00.000000162800,   1.44000,
,,,00.000000163200,   1.36000,
,,,00.000000163600,   1.28000,
,,,00.000000164000,   1.28000,
,,,00.000000164400,   1.36000,
,,,00.000000164800,   1.36000,
,,,00.000000165200,   1.36000,
,,,00.000000165600,   1.44000,
,,,00.000000166000,   1.44000,
,,,00.000000166400,   1.52000,
,,,00.000000166800,   1.52000,
,,,00.000000167200,   1.60000,
,,,00.000000167600,   1.52000,
,,,00.000000168000,   1.44000,
,,,00.000000168400,   1.44000,
,,,00.000000168800,   1.36000,
,,,00.000000169200,   1.36000,
,,,00.000000169600,   1.44000,
,,,00.000000170000,   1.44000,
,,,00.000000170400,   1.52000,
,,,00.000000170800,   1.52000,
,,,00.000000171200,   1.52000,
,,,00.000000171600,   1.52000,
,,,00.000000172000,   1.52000,
,,,00.000000172400,   1.52000,
,,,00.000000172800,   1.52000,
,,,00.000000173200,   1.52000,
,,,00.000000173600,   1.52000,
,,,00.000000174000,   1.52000,
,,,00.000000174400,   1.52000,
,,,00.000000174800,   1.44000,
,,,00.000000175200,   1.44000,
,,,00.000000175600,   1.44000,
,,,00.000000176000,   1.36000,
,,,00.000000176400,   1.44000,
,,,00.000000176800,   1.44000,
,,,00.000000177200,   1.44000,
,,,00.000000177600,   1.44000,
,,,00.000000178000,   1.44000,
,,,00.000000178400,   1.44000,
,,,00.000000178800,   1.36000,
,,,00.000000179200,   1.44000,
,,,00.000000179600,   1.44000,
,,,00.000000180000,   1.44000,
,,,00.000000180400,   1.52000,
,,,00.000000180800,   1.44000,
,,,00.000000181200,   1.44000,
,,,00.000000181600,   1.36000,
,,,00.000000182000,   1.36000,
,,,00.000000182400,   1.44000,
,,,00.000000182800,   1.44000,
,,,00.000000183200,   1.52000,
,,,00.000000183600,   1.60000,
,,,00.000000184000,   1.52000,
,,,00.000000184400,   1.52000,
,,,00.000000184800,   1.44000,
,,,00.000000185200,   1.44000,
,,,00.000000185600,   1.44000,
,,,00.000000186000,   1.44000,
,,,00.000000186400,   1.52000,
,,,00.000000186800,   1.52000,
,,,00.000000187200,   1.52000,
,,,00.000000187600,   1.44000,
,,,00.000000188000,   1.44000,
,,,00.000000188400,   1.44000,
,,,00.000000188800,   1.44000,
,,,00.000000189200,   1.44000,
,,,00.000000189600,   1.52000,
,,,00.000000190000,   1.52000,
,,,00.000000190400,   1.52000,
,,,00.000000190800,   1.44000,
,,,00.000000191200,   1.44000,
,,,00.000000191600,   1.44000,
,,,00.000000192000,   1.44000,
,,,00.000000192400,   1.52000,
,,,00.000000192800,   1.52000,
,,,00.000000193200,   1.52000,
,,,00.000000193600,   1.52000,
,,,00.000000194000,   1.52000,
,,,00.000000194400,   1.52000,
,,,00.000000194800,   1.44000,
,,,00.000000195200,   1.44000,
,,,00.000000195600,   1.44000,
,,,00.000000196000,   1.44000,
,,,00.000000196400,   1.52000,
,,,00.000000196800,   1.52000,
,,,00.000000197200,   1.52000,
,,,00.000000197600,   1.44000,
,,,00.000000198000,   1.44000,
,,,00.000000198400,   1.44000,
,,,00.000000198800,   1.36000,
,,,00.000000199200,   1.36000,
,,,00.000000199600,   1.44000,
,,,00.000000200000,   1.52000,
,,,00.000000200400,   1.60000,
,,,00.000000200800,   1.52000,
,,,00.000000201200,   1.52000,
,,,00.000000201600,   1.44000,
,,,00.000000202000,   1.44000,
,,,00.000000202400,   1.44000,
,,,00.000000202800,   1.44000,
,,,00.000000203200,   1.44000,
,,,00.000000203600,   1.52000,
,,,00.000000204000,   1.52000,
,,,00.000000204400,   1.52000,
,,,00.000000204800,   1.52000,
,,,00.000000205200,   1.52000,
,,,00.000000205600,   1.60000,
,,,00.000000206000,   1.60000,
,,,00.000000206400,   1.60000,
,,,00.000000206800,   1.52000,
,,,00.000000207200,   1.52000,
,,,00.000000207600,   1.52000,
,,,00.000000208000,   1.52000,
,,,00.000000208400,   1.52000,
,,,00.000000208800,   1.52000,
,,,00.000000209200,   1.52000,
,,,00.000000209600,   1.52000,
,,,00.000000210000,   1.52000,
,,,00.000000210400,   1.52000,
,,,00.000000210800,   1.44000,
,,,00.000000211200,   1.44000,
,,,00.000000211600,   1.44000,
,,,00.000000212000,   1.44000,
,,,00.000000212400,   1.44000,
,,,00.000000212800,   1.44000,
,,,00.000000213200,   1.44000,
,,,00.000000213600,   1.44000,
,,,00.000000214000,   1.44000,
,,,00.000000214400,   1.52000,
,,,00.000000214800,   1.52000,
,,,00.000000215200,   1.52000,
,,,00.000000215600,   1.52000,
,,,00.000000216000,   1.52000,
,,,00.000000216400,   1.60000,
,,,00.000000216800,   1.60000,
,,,00.000000217200,   1.60000,
,,,00.000000217600,   1.52000,
,,,00.000000218000,   1.52000,
,,,00.000000218400,   1.52000,
,,,00.000000218800,   1.52000,
,,,00.000000219200,   1.52000,
,,,00.000000219600,   1.52000,
,,,00.000000220000,   1.52000,
,,,00.000000220400,   1.52000,
,,,00.000000220800,   1.52000,
,,,00.000000221200,   1.52000,
,,,00.000000221600,   1.44000,
,,,00.000000222000,   1.44000,
,,,00.000000222400,   1.44000,
,,,00.000000222800,   1.44000,
,,,00.000000223200,   1.44000,
,,,00.000000223600,   1.52000,
,,,00.000000224000,   1.52000,
,,,00.000000224400,   1.52000,
,,,00.000000224800,   1.52000,
,,,00.000000225200,   1.52000,
,,,00.000000225600,   1.52000,
,,,00.000000226000,   1.52000,
,,,00.000000226400,   1.52000,
,,,00.000000226800,   1.52000,
,,,00.000000227200,   1.52000,
,,,00.000000227600,   1.52000,
,,,00.000000228000,   1.52000,
,,,00.000000228400,   1.52000,
,,,00.000000228800,   1.52000,
,,,00.000000229200,   1.52000,
,,,00.000000229600,   1.44000,
,,,00.000000230000,   1.44000,
,,,00.000000230400,   1.44000,
,,,00.000000230800,   1.44000,
,,,00.000000231200,   1.44000,
,,,00.000000231600,   1.44000,
,,,00.000000232000,   1.44000,
,,,00.000000232400,   1.44000,
,,,00.000000232800,   1.44000,
,,,00.000000233200,   1.44000,
,,,00.000000233600,   1.52000,
,,,00.000000234000,   1.52000,
,,,00.000000234400,   1.60000,
,,,00.000000234800,   1.52000,
,,,00.000000235200,   1.52000,
,,,00.000000235600,   1.44000,
,,,00.000000236000,   1.44000,
,,,00.000000236400,   1.44000,
,,,00.000000236800,   1.44000,
,,,00.000000237200,   1.44000,
,,,00.000000237600,   1.44000,
,,,00.000000238000,   1.44000,
,,,00.000000238400,   1.44000,
,,,00.000000238800,   1.44000,
,,,00.000000239200,   1.44000,
,,,00.000000239600,   1.44000,
,,,00.000000240000,   1.44000,
,,,00.000000240400,   1.44000,
,,,00.000000240800,   1.44000,
,,,00.000000241200,   1.44000,
,,,00.000000241600,   1.44000,
,,,00.000000242000,   1.44000,
,,,00.000000242400,   1.44000,
,,,00.000000242800,   1.44000,
,,,00.000000243200,   1.44000,
,,,00.000000243600,   1.44000,
,,,00.000000244000,   1.44000,
,,,00.000000244400,   1.44000,
,,,00.000000244800,   1.44000,
,,,00.000000245200,   1.44000,
,,,00.000000245600,   1.52000,
,,,00.000000246000,   1.52000,
,,,00.000000246400,   1.60000,
,,,00.000000246800,   1.60000,
,,,00.000000247200,   1.60000,
,,,00.000000247600,   1.60000,
,,,00.000000248000,   1.60000,
,,,00.000000248400,   1.60000,
,,,00.000000248800,   1.60000,
,,,00.000000249200,   1.60000,
,,,00.000000249600,   1.52000,
,,,00.000000250000,   1.52000,
,,,00.000000250400,   1.52000,
,,,00.000000250800,   1.52000,
,,,00.000000251200,   1.52000,
,,,00.000000251600,   1.44000,
,,,00.000000252000,   1.44000,
,,,00.000000252400,   1.44000,
,,,00.000000252800,   1.44000,
,,,00.000000253200,   1.44000,
,,,00.000000253600,   1.52000,
,,,00.000000254000,   1.52000,
,,,00.000000254400,   1.52000,
,,,00.000000254800,   1.52000,
,,,00.000000255200,   1.52000,
,,,00.000000255600,   1.52000,
,,,00.000000256000,   1.52000,
,,,00.000000256400,   1.52000,
,,,00.000000256800,   1.44000,
,,,00.000000257200,   1.44000,
,,,00.000000257600,   1.44000,
,,,00.000000258000,   1.36000,
,,,00.000000258400,   1.44000,
,,,00.000000258800,   1.44000,
,,,00.000000259200,   1.44000,
,,,00.000000259600,   1.52000,
,,,00.000000260000,   1.52000,
,,,00.000000260400,   1.52000,
,,,00.000000260800,   1.44000,
,,,00.000000261200,   1.44000,
,,,00.000000261600,   1.44000,
,,,00.000000262000,   1.44000,
,,,00.000000262400,   1.44000,
,,,00.000000262800,   1.44000,
,,,00.000000263200,   1.44000,
,,,00.000000263600,   1.44000,
,,,00.000000264000,   1.44000,
,,,00.000000264400,   1.44000,
,,,00.000000264800,   1.44000,
,,,00.000000265200,   1.44000,
,,,00.000000265600,   1.52000,
,,,00.000000266000,   1.52000,
,,,00.000000266400,   1.60000,
,,,00.000000266800,   1.60000,
,,,00.000000267200,   1.60000,
,,,00.000000267600,   1.52000,
,,,00.000000268000,   1.44000,
,,,00.000000268400,   1.44000,
,,,00.000000268800,   1.36000,
,,,00.000000269200,   1.36000,
,,,00.000000269600,   1.44000,
,,,00.000000270000,   1.44000,
,,,00.000000270400,   1.52000,
,,,00.000000270800,   1.44000,
,,,00.000000271200,   1.44000,
,,,00.000000271600,   1.44000,
,,,00.000000272000,   1.44000,
,,,00.000000272400,   1.52000,
,,,00.000000272800,   1.52000,
,,,00.000000273200,   1.52000,
,,,00.000000273600,   1.44000,
,,,00.000000274000,   1.44000,
,,,00.000000274400,   1.44000,
,,,00.000000274800,   1.36000,
,,,00.000000275200,   1.44000,
,,,00.000000275600,   1.44000,
,,,00.000000276000,   1.44000,
,,,00.000000276400,   1.52000,
,,,00.000000276800,   1.52000,
,,,00.000000277200,   1.52000,
,,,00.000000277600,   1.44000,
,,,00.000000278000,   1.44000,
,,,00.000000278400,   1.44000,
,,,00.000000278800,   1.44000,
,,,00.000000279200,   1.44000,
,,,00.000000279600,   1.44000,
,,,00.000000280000,   1.44000,
,,,00.000000280400,   1.44000,
,,,00.000000280800,   1.44000,
,,,00.000000281200,   1.44000,
,,,00.000000281600,   1.52000,
,,,00.000000282000,   1.52000,
,,,00.000000282400,   1.60000,
,,,00.000000282800,   1.60000,
,,,00.000000283200,   1.60000,
,,,00.000000283600,   1.52000,
,,,00.000000284000,   1.44000,
,,,00.000000284400,   1.44000,
,,,00.000000284800,   1.44000,
,,,00.000000285200,   1.44000,
,,,00.000000285600,   1.52000,
,,,00.000000286000,   1.52000,
,,,00.000000286400,   1.52000,
,,,00.000000286800,   1.44000,
,,,00.000000287200,   1.44000,
,,,00.000000287600,   1.44000,
,,,00.000000288000,   1.44000,
,,,00.000000288400,   1.52000,
,,,00.000000288800,   1.52000,
,,,00.000000289200,   1.52000,
,,,00.000000289600,   1.44000,
,,,00.000000290000,   1.44000,
,,,00.000000290400,   1.44000,
,,,00.000000290800,   1.44000,
,,,00.000000291200,   1.44000,
,,,00.000000291600,   1.52000,
,,,00.000000292000,   1.52000,
,,,00.000000292400,   1.52000,
,,,00.000000292800,   1.44000,
,,,00.000000293200,   1.44000,
,,,00.000000293600,   1.44000,
,,,00.000000294000,   1.36000,
,,,00.000000294400,   1.44000,
,,,00.000000294800,   1.44000,
,,,00.000000295200,   1.44000,
,,,00.000000295600,   1.52000,
,,,00.000000296000,   1.52000,
,,,00.000000296400,   1.52000,
,,,00.000000296800,   1.52000,
,,,00.000000297200,   1.52000,
,,,00.000000297600,   1.52000,
,,,00.000000298000,   1.52000,
,,,00.000000298400,   1.60000,
,,,00.000000298800,   1.60000,
,,,00.000000299200,   1.60000,
,,,00.000000299600,   1.52000,
,,,00.000000300000,   1.52000,
,,,00.000000300400,   1.52000,
,,,00.000000300800,   1.44000,
,,,00.000000301200,   1.44000,
,,,00.000000301600,   1.36000,
,,,00.000000302000,   1.36000,
,,,00.000000302400,   1.44000,
,,,00.000000302800,   1.44000,
,,,00.000000303200,   1.52000,
,,,00.000000303600,   1.60000,
,,,00.000000304000,   1.60000,
,,,00.000000304400,   1.60000,
,,,00.000000304800,   1.52000,
,,,00.000000305200,   1.44000,
,,,00.000000305600,   1.36000,
,,,00.000000306000,   1.36000,
,,,00.000000306400,   1.44000,
,,,00.000000306800,   1.44000,
,,,00.000000307200,   1.44000,
,,,00.000000307600,   1.44000,
,,,00.000000308000,   1.44000,
,,,00.000000308400,   1.44000,
,,,00.000000308800,   1.44000,
,,,00.000000309200,   1.44000,
,,,00.000000309600,   1.52000,
,,,00.000000310000,   1.52000,
,,,00.000000310400,   1.52000,
,,,00.000000310800,   1.44000,
,,,00.000000311200,   1.36000,
,,,00.000000311600,   1.36000,
,,,00.000000312000,   1.36000,
,,,00.000000312400,   1.44000,
,,,00.000000312800,   1.44000,
,,,00.000000313200,   1.44000,
,,,00.000000313600,   1.52000,
,,,00.000000314000,   1.52000,
,,,00.000000314400,   1.52000,
,,,00.000000314800,   1.52000,
,,,00.000000315200,   1.52000,
,,,00.000000315600,   1.60000,
,,,00.000000316000,   1.60000,
,,,00.000000316400,   1.60000,
,,,00.000000316800,   1.52000,
,,,00.000000317200,   1.52000,
,,,00.000000317600,   1.52000,
,,,00.000000318000,   1.52000,
,,,00.000000318400,   1.52000,
,,,00.000000318800,   1.52000,
,,,00.000000319200,   1.52000,
,,,00.000000319600,   1.52000,
,,,00.000000320000,   1.52000,
,,,00.000000320400,   1.60000,
,,,00.000000320800,   1.52000,
,,,00.000000321200,   1.52000,
,,,00.000000321600,   1.52000,
,,,00.000000322000,   1.52000,
,,,00.000000322400,   1.52000,
,,,00.000000322800,   1.44000,
,,,00.000000323200,   1.44000,
,,,00.000000323600,   1.44000,
,,,00.000000324000,   1.44000,
,,,00.000000324400,   1.52000,
,,,00.000000324800,   1.44000,
,,,00.000000325200,   1.44000,
,,,00.000000325600,   1.44000,
,,,00.000000326000,   1.44000,
,,,00.000000326400,   1.52000,
,,,00.000000326800,   1.52000,
,,,00.000000327200,   1.52000,
,,,00.000000327600,   1.52000,
,,,00.000000328000,   1.52000,
,,,00.000000328400,   1.52000,
,,,00.000000328800,   1.44000,
,,,00.000000329200,   1.44000,
,,,00.000000329600,   1.44000,
,,,00.000000330000,   1.44000,
,,,00.000000330400,   1.52000,
,,,00.000000330800,   1.52000,
,,,00.000000331200,   1.52000,
,,,00.000000331600,   1.44000,
,,,00.000000332000,   1.44000,
,,,00.000000332400,   1.44000,
,,,00.000000332800,   1.44000,
,,,00.000000333200,   1.44000,
,,,00.000000333600,   1.52000,
,,,00.000000334000,   1.52000,
,,,00.000000334400,   1.52000,
,,,00.000000334800,   1.44000,
,,,00.000000335200,   1.44000,
,,,00.000000335600,   1.44000,
,,,00.000000336000,   1.36000,
,,,00.000000336400,   1.44000,
,,,00.000000336800,   1.44000,
,,,00.000000337200,   1.44000,
,,,00.000000337600,   1.44000,
,,,00.000000338000,   1.44000,
,,,00.000000338400,   1.44000,
,,,00.000000338800,   1.36000,
,,,00.000000339200,   1.44000,
,,,00.000000339600,   1.44000,
,,,00.000000340000,   1.44000,
,,,00.000000340400,   1.52000,
,,,00.000000340800,   1.52000,
,,,00.000000341200,   1.52000,
,,,00.000000341600,   1.44000,
,,,00.000000342000,   1.44000,
,,,00.000000342400,   1.44000,
,,,00.000000342800,   1.44000,
,,,00.000000343200,   1.44000,
,,,00.000000343600,   1.44000,
,,,00.000000344000,   1.44000,
,,,00.000000344400,   1.44000,
,,,00.000000344800,   1.36000,
,,,00.000000345200,   1.44000,
,,,00.000000345600,   1.44000,
,,,00.000000346000,   1.44000,
,,,00.000000346400,   1.52000,
,,,00.000000346800,   1.52000,
,,,00.000000347200,   1.52000,
,,,00.000000347600,   1.60000,
,,,00.000000348000,   1.60000,
,,,00.000000348400,   1.68000,
,,,00.000000348800,   1.60000,
,,,00.000000349200,   1.60000,
,,,00.000000349600,   1.52000,
,,,00.000000350000,   1.52000,
,,,00.000000350400,   1.52000,
,,,00.000000350800,   1.44000,
,,,00.000000351200,   1.44000,
,,,00.000000351600,   1.44000,
,,,00.000000352000,   1.44000,
,,,00.000000352400,   1.52000,
,,,00.000000352800,   1.44000,
,,,00.000000353200,   1.44000,
,,,00.000000353600,   1.44000,
,,,00.000000354000,   1.44000,
,,,00.000000354400,   1.52000,
,,,00.000000354800,   1.52000,
,,,00.000000355200,   1.52000,
,,,00.000000355600,   1.44000,
,,,00.000000356000,   1.44000,
,,,00.000000356400,   1.44000,
,,,00.000000356800,   1.44000,
,,,00.000000357200,   1.44000,
,,,00.000000357600,   1.52000,
,,,00.000000358000,   1.52000,
,,,00.000000358400,   1.52000,
,,,00.000000358800,   1.44000,
,,,00.000000359200,   1.44000,
,,,00.000000359600,   1.44000,
,,,00.000000360000,   1.44000,
,,,00.000000360400,   1.52000,
,,,00.000000360800,   1.44000,
,,,00.000000361200,   1.44000,
,,,00.000000361600,   1.44000,
,,,00.000000362000,   1.36000,
,,,00.000000362400,   1.44000,
,,,00.000000362800,   1.44000,
,,,00.000000363200,   1.44000,
,,,00.000000363600,   1.52000,
,,,00.000000364000,   1.52000,
,,,00.000000364400,   1.60000,
,,,00.000000364800,   1.60000,
,,,00.000000365200,   1.60000,
,,,00.000000365600,   1.52000,
,,,00.000000366000,   1.52000,
,,,00.000000366400,   1.52000,
,,,00.000000366800,   1.44000,
,,,00.000000367200,   1.44000,
,,,00.000000367600,   1.44000,
,,,00.000000368000,   1.44000,
,,,00.000000368400,   1.52000,
,,,00.000000368800,   1.52000,
,,,00.000000369200,   1.52000,
,,,00.000000369600,   1.44000,
,,,00.000000370000,   1.44000,
,,,00.000000370400,   1.44000,
,,,00.000000370800,   1.36000,
,,,00.000000371200,   1.44000,
,,,00.000000371600,   1.44000,
,,,00.000000372000,   1.44000,
,,,00.000000372400,   1.52000,
,,,00.000000372800,   1.52000,
,,,00.000000373200,   1.52000,
,,,00.000000373600,   1.52000,
,,,00.000000374000,   1.52000,
,,,00.000000374400,   1.52000,
,,,00.000000374800,   1.52000,
,,,00.000000375200,   1.52000,
,,,00.000000375600,   1.44000,
,,,00.000000376000,   1.36000,
,,,00.000000376400,   1.36000,
,,,00.000000376800,   1.36000,
,,,00.000000377200,   1.36000,
,,,00.000000377600,   1.44000,
,,,00.000000378000,   1.44000,
,,,00.000000378400,   1.52000,
,,,00.000000378800,   1.52000,
,,,00.000000379200,   1.52000,
,,,00.000000379600,   1.44000,
,,,00.000000380000,   1.44000,
,,,00.000000380400,   1.44000,
,,,00.000000380800,   1.44000,
,,,00.000000381200,   1.44000,
,,,00.000000381600,   1.52000,
,,,00.000000382000,   1.52000,
,,,00.000000382400,   1.60000,
,,,00.000000382800,   1.52000,
,,,00.000000383200,   1.52000,
,,,00.000000383600,   1.44000,
,,,00.000000384000,   1.44000,
,,,00.000000384400,   1.44000,
,,,00.000000384800,   1.36000,
,,,00.000000385200,   1.44000,
,,,00.000000385600,   1.44000,
,,,00.000000386000,   1.44000,
,,,00.000000386400,   1.52000,
,,,00.000000386800,   1.52000,
,,,00.000000387200,   1.60000,
,,,00.000000387600,   1.60000,
,,,00.000000388000,   1.52000,
,,,00.000000388400,   1.52000,
,,,00.000000388800,   1.44000,
,,,00.000000389200,   1.44000,
,,,00.000000389600,   1.44000,
,,,00.000000390000,   1.44000,
,,,00.000000390400,   1.52000,
,,,00.000000390800,   1.52000,
,,,00.000000391200,   1.52000,
,,,00.000000391600,   1.52000,
,,,00.000000392000,   1.52000,
,,,00.000000392400,   1.52000,
,,,00.000000392800,   1.52000,
,,,00.000000393200,   1.52000,
,,,00.000000393600,   1.52000,
,,,00.000000394000,   1.52000,
,,,00.000000394400,   1.52000,
,,,00.000000394800,   1.44000,
,,,00.000000395200,   1.44000,
,,,00.000000395600,   1.44000,
,,,00.000000396000,   1.44000,
,,,00.000000396400,   1.52000,
,,,00.000000396800,   1.52000,
,,,00.000000397200,   1.52000,
,,,00.000000397600,   1.52000,
,,,00.000000398000,   1.52000,
,,,00.000000398400,   1.60000,
,,,00.000000398800,   1.60000,
,,,00.000000399200,   1.60000,
,,,00.000000399600,   1.52000,
,,,00.000000400000,   1.52000,
,,,00.000000400400,   1.52000,
,,,00.000000400800,   1.44000,
,,,00.000000401200,   1.44000,
,,,00.000000401600,   1.44000,
,,,00.000000402000,   1.44000,
,,,00.000000402400,   1.52000,
,,,00.000000402800,   1.52000,
,,,00.000000403200,   1.52000,
,,,00.000000403600,   1.60000,
,,,00.000000404000,   1.60000,
,,,00.000000404400,   1.60000,
,,,00.000000404800,   1.52000,
,,,00.000000405200,   1.44000,
,,,00.000000405600,   1.36000,
,,,00.000000406000,   1.36000,
,,,00.000000406400,   1.44000,
,,,00.000000406800,   1.44000,
,,,00.000000407200,   1.44000,
,,,00.000000407600,   1.52000,
,,,00.000000408000,   1.52000,
,,,00.000000408400,   1.52000,
,,,00.000000408800,   1.44000,
,,,00.000000409200,   1.44000,
,,,00.000000409600,   1.44000,
,,,00.000000410000,   1.36000,
,,,00.000000410400,   1.44000,
,,,00.000000410800,   1.44000,
,,,00.000000411200,   1.44000,
,,,00.000000411600,   1.52000,
,,,00.000000412000,   1.52000,
,,,00.000000412400,   1.52000,
,,,00.000000412800,   1.52000,
,,,00.000000413200,   1.52000,
,,,00.000000413600,   1.52000,
,,,00.000000414000,   1.52000,
,,,00.000000414400,   1.52000,
,,,00.000000414800,   1.52000,
,,,00.000000415200,   1.52000,
,,,00.000000415600,   1.44000,
,,,00.000000416000,   1.44000,
,,,00.000000416400,   1.44000,
,,,00.000000416800,   1.44000,
,,,00.000000417200,   1.44000,
,,,00.000000417600,   1.44000,
,,,00.000000418000,   1.44000,
,,,00.000000418400,   1.44000,
,,,00.000000418800,   1.44000,
,,,00.000000419200,   1.44000,
,,,00.000000419600,   1.44000,
,,,00.000000420000,   1.44000,
,,,00.000000420400,   1.44000,
,,,00.000000420800,   1.44000,
,,,00.000000421200,   1.44000,
,,,00.000000421600,   1.52000,
,,,00.000000422000,   1.52000,
,,,00.000000422400,   1.60000,
,,,00.000000422800,   1.52000,
,,,00.000000423200,   1.44000,
,,,00.000000423600,   1.36000,
,,,00.000000424000,   1.36000,
,,,00.000000424400,   1.44000,
,,,00.000000424800,   1.44000,
,,,00.000000425200,   1.44000,
,,,00.000000425600,   1.52000,
,,,00.000000426000,   1.52000,
,,,00.000000426400,   1.52000,
,,,00.000000426800,   1.52000,
,,,00.000000427200,   1.52000,
,,,00.000000427600,   1.44000,
,,,00.000000428000,   1.44000,
,,,00.000000428400,   1.44000,
,,,00.000000428800,   1.44000,
,,,00.000000429200,   1.44000,
,,,00.000000429600,   1.44000,
,,,00.000000430000,   1.44000,
,,,00.000000430400,   1.44000,
,,,00.000000430800,   1.44000,
,,,00.000000431200,   1.44000,
,,,00.000000431600,   1.52000,
,,,00.000000432000,   1.52000,
,,,00.000000432400,   1.52000,
,,,00.000000432800,   1.52000,
,,,00.000000433200,   1.52000,
,,,00.000000433600,   1.52000,
,,,00.000000434000,   1.52000,
,,,00.000000434400,   1.52000,
,,,00.000000434800,   1.44000,
,,,00.000000435200,   1.44000,
,,,00.000000435600,   1.44000,
,,,00.000000436000,   1.44000,
,,,00.000000436400,   1.44000,
,,,00.000000436800,   1.44000,
,,,00.000000437200,   1.44000,
,,,00.000000437600,   1.44000,
,,,00.000000438000,   1.36000,
,,,00.000000438400,   1.44000,
,,,00.000000438800,   1.44000,
,,,00.000000439200,   1.52000,
,,,00.000000439600,   1.60000,
,,,00.000000440000,   1.52000,
,,,00.000000440400,   1.52000,
,,,00.000000440800,   1.52000,
,,,00.000000441200,   1.52000,
,,,00.000000441600,   1.44000,
,,,00.000000442000,   1.44000,
,,,00.000000442400,   1.44000,
,,,00.000000442800,   1.44000,
,,,00.000000443200,   1.44000,
,,,00.000000443600,   1.52000,
,,,00.000000444000,   1.52000,
,,,00.000000444400,   1.52000,
,,,00.000000444800,   1.52000,
,,,00.000000445200,   1.52000,
,,,00.000000445600,   1.52000,
,,,00.000000446000,   1.52000,
,,,00.000000446400,   1.60000,
,,,00.000000446800,   1.52000,
,,,00.000000447200,   1.52000,
,,,00.000000447600,   1.44000,
,,,00.000000448000,   1.44000,
,,,00.000000448400,   1.44000,
,,,00.000000448800,   1.36000,
,,,00.000000449200,   1.36000,
,,,00.000000449600,   1.36000,
,,,00.000000450000,   1.36000,
,,,00.000000450400,   1.44000,
,,,00.000000450800,   1.44000,
,,,00.000000451200,   1.44000,
,,,00.000000451600,   1.52000,
,,,00.000000452000,   1.52000,
,,,00.000000452400,   1.52000,
,,,00.000000452800,   1.52000,
,,,00.000000453200,   1.52000,
,,,00.000000453600,   1.60000,
,,,00.000000454000,   1.60000,
,,,00.000000454400,   1.60000,
,,,00.000000454800,   1.60000,
,,,00.000000455200,   1.60000,
,,,00.000000455600,   1.52000,
,,,00.000000456000,   1.44000,
,,,00.000000456400,   1.44000,
,,,00.000000456800,   1.36000,
,,,00.000000457200,   1.36000,
,,,00.000000457600,   1.36000,
,,,00.000000458000,   1.44000,
,,,00.000000458400,   1.52000,
,,,00.000000458800,   1.52000,
,,,00.000000459200,   1.52000,
,,,00.000000459600,   1.44000,
,,,00.000000460000,   1.44000,
,,,00.000000460400,   1.44000,
,,,00.000000460800,   1.44000,
,,,00.000000461200,   1.44000,
,,,00.000000461600,   1.36000,
,,,00.000000462000,   1.36000,
,,,00.000000462400,   1.36000,
,,,00.000000462800,   1.36000,
,,,00.000000463200,   1.36000,
,,,00.000000463600,   1.44000,
,,,00.000000464000,   1.52000,
,,,00.000000464400,   1.60000,
,,,00.000000464800,   1.52000,
,,,00.000000465200,   1.52000,
,,,00.000000465600,   1.52000,
,,,00.000000466000,   1.44000,
,,,00.000000466400,   1.52000,
,,,00.000000466800,   1.52000,
,,,00.000000467200,   1.52000,
,,,00.000000467600,   1.60000,
,,,00.000000468000,   1.52000,
,,,00.000000468400,   1.52000,
,,,00.000000468800,   1.44000,
,,,00.000000469200,   1.44000,
,,,00.000000469600,   1.44000,
,,,00.000000470000,   1.44000,
,,,00.000000470400,   1.52000,
,,,00.000000470800,   1.52000,
,,,00.000000471200,   1.60000,
,,,00.000000471600,   1.52000,
,,,00.000000472000,   1.44000,
,,,00.000000472400,   1.44000,
,,,00.000000472800,   1.44000,
,,,00.000000473200,   1.44000,
,,,00.000000473600,   1.52000,
,,,00.000000474000,   1.52000,
,,,00.000000474400,   1.52000,
,,,00.000000474800,   1.44000,
,,,00.000000475200,   1.44000,
,,,00.000000475600,   1.44000,
,,,00.000000476000,   1.36000,
,,,00.000000476400,   1.44000,
,,,00.000000476800,   1.44000,
,,,00.000000477200,   1.44000,
,,,00.000000477600,   1.44000,
,,,00.000000478000,   1.44000,
,,,00.000000478400,   1.44000,
,,,00.000000478800,   1.36000,
,,,00.000000479200,   1.36000,
,,,00.000000479600,   1.44000,
,,,00.000000480000,   1.52000,
,,,00.000000480400,   1.60000,
,,,00.000000480800,   1.52000,
,,,00.000000481200,   1.52000,
,,,00.000000481600,   1.52000,
,,,00.000000482000,   1.52000,
,,,00.000000482400,   1.52000,
,,,00.000000482800,   1.52000,
,,,00.000000483200,   1.52000,
,,,00.000000483600,   1.52000,
,,,00.000000484000,   1.52000,
,,,00.000000484400,   1.52000,
,,,00.000000484800,   1.52000,
,,,00.000000485200,   1.52000,
,,,00.000000485600,   1.52000,
,,,00.000000486000,   1.52000,
,,,00.000000486400,   1.60000,
,,,00.000000486800,   1.52000,
,,,00.000000487200,   1.44000,
,,,00.000000487600,   1.36000,
,,,00.000000488000,   1.36000,
,,,00.000000488400,   1.36000,
,,,00.000000488800,   1.36000,
,,,00.000000489200,   1.36000,
,,,00.000000489600,   1.44000,
,,,00.000000490000,   1.44000,
,,,00.000000490400,   1.52000,
,,,00.000000490800,   1.52000,
,,,00.000000491200,   1.52000,
,,,00.000000491600,   1.44000,
,,,00.000000492000,   1.44000,
,,,00.000000492400,   1.44000,
,,,00.000000492800,   1.36000,
,,,00.000000493200,   1.36000,
,,,00.000000493600,   1.44000,
,,,00.000000494000,   1.52000,
,,,00.000000494400,   1.60000,
,,,00.000000494800,   1.52000,
,,,00.000000495200,   1.52000,
,,,00.000000495600,   1.52000,
,,,00.000000496000,   1.44000,
,,,00.000000496400,   1.52000,
,,,00.000000496800,   1.52000,
,,,00.000000497200,   1.52000,
,,,00.000000497600,   1.52000,
,,,00.000000498000,   1.52000,
,,,00.000000498400,   1.52000,
,,,00.000000498800,   1.52000,
,,,00.000000499200,   1.52000,
,,,00.000000499600,   1.44000,
